,Date,Open,High,Low,Close,Volume,Yield,PercentageVolume,SMA6,EMA6,WMA6,HMA6,SMA20,EMA20,WMA20,HMA20,SMA50,EMA50,WMA50,HMA50,SMA100,EMA100,WMA100,HMA100,MACD,CCI,Stochastic Oscillator,RSI,ROC,PPO,KST,BOLU,BOLD,BOLM
108,2012-10-16 08:15,1.30032,1.30033,1.29969,1.29979,3183,-0.000408,0.002011,1.300047,1.299836,1.300109,1.300123,1.29807,1.298498,1.298883,1.300701,1.296639,1.297063,1.29745,1.299033,1.295921,1.295765,1.296387,1.297903,0.001092,61.01457,71.984436,61.760339,0.169545,0.084144,1.66176,1.299668,1.296394,1.298031
109,2012-10-16 08:30,1.29978,1.30068,1.29971,1.30064,2244,0.000662,0.004323,1.300248,1.300066,1.300279,1.300195,1.29827,1.298702,1.299128,1.300842,1.296742,1.297204,1.297607,1.299322,1.29598,1.295861,1.29648,1.298108,0.001127,68.814219,88.247012,69.471801,0.272917,0.086777,1.832909,1.299858,1.296583,1.298221
110,2012-10-16 08:45,1.30064,1.30069,1.29994,1.30058,2381,-4.6e-05,0.00315,1.300382,1.300213,1.300373,1.300486,1.29849,1.298881,1.299348,1.300953,1.296849,1.297336,1.297758,1.299603,1.296038,1.295955,1.296571,1.298316,0.001136,64.24791,85.294118,68.349172,0.14476,0.08748,2.000714,1.300062,1.296787,1.298425
111,2012-10-16 09:00,1.30057,1.30141,1.29875,1.29887,4104,-0.001307,0.006481,1.300045,1.299829,1.299941,1.299873,1.298614,1.29888,1.299384,1.300844,1.296922,1.297396,1.297837,1.29982,1.296081,1.296012,1.296628,1.298506,0.000994,32.804765,43.80531,44.631864,0.023102,0.076536,2.150721,1.300235,1.29696,1.298598
112,2012-10-16 09:15,1.29888,1.29914,1.2984,1.29905,3977,0.000131,0.001861,1.299877,1.299606,1.299657,1.299065,1.298735,1.298896,1.299425,1.300608,1.297006,1.297461,1.29792,1.299984,1.296106,1.296073,1.296686,1.29868,0.000886,-1.333096,47.787611,46.871038,0.014628,0.068194,2.275793,1.300347,1.297072,1.29871
113,2012-10-16 09:30,1.29903,1.29985,1.29896,1.29985,2426,0.000631,0.003669,1.299797,1.299676,1.29965,1.299071,1.298906,1.298987,1.299532,1.300369,1.297113,1.297555,1.298032,1.300129,1.296141,1.296147,1.29676,1.298847,0.000854,27.833586,51.552795,55.996946,0.072368,0.065793,2.374947,1.300502,1.297227,1.298864
114,2012-10-16 09:45,1.29983,1.30094,1.2997,1.30072,2309,0.000685,0.00537,1.299952,1.299974,1.299913,1.29999,1.299138,1.299152,1.299704,1.30025,1.297235,1.297679,1.298173,1.300281,1.296186,1.296238,1.296851,1.299015,0.00089,68.123409,78.571429,63.799495,0.099274,0.068502,2.44229,1.300714,1.297439,1.299077
115,2012-10-16 10:00,1.30071,1.30083,1.30008,1.30052,1839,-0.000146,0.004078,1.299932,1.30013,1.300076,1.300713,1.299354,1.299282,1.299836,1.300227,1.297354,1.29779,1.298302,1.300433,1.296235,1.296323,1.296937,1.29918,0.000891,70.58903,72.360248,60.933544,0.056933,0.068615,2.483171,1.300926,1.297652,1.299289
116,2012-10-16 10:15,1.30052,1.30144,1.30045,1.30127,2662,0.000577,0.003719,1.300047,1.300456,1.300458,1.301224,1.299576,1.299471,1.300018,1.300346,1.297485,1.297927,1.298456,1.300602,1.296282,1.296421,1.297037,1.299352,0.000942,103.492075,94.407895,67.291179,0.029211,0.072523,2.507219,1.301147,1.297872,1.29951
117,2012-10-16 10:30,1.30124,1.3017,1.30078,1.3014,2798,0.000123,0.003288,1.300468,1.300726,1.300845,1.301516,1.299766,1.299655,1.300192,1.300551,1.297622,1.298063,1.298609,1.300788,1.296336,1.296519,1.297138,1.299529,0.000982,113.353805,90.909091,68.322221,0.103072,0.075554,2.519702,1.301344,1.298069,1.299707
118,2012-10-16 10:45,1.30141,1.30185,1.30114,1.30161,2739,0.000154,0.002592,1.300895,1.300978,1.301171,1.301722,1.299992,1.299841,1.300368,1.300815,1.297766,1.298202,1.298766,1.300992,1.296393,1.29662,1.297242,1.299712,0.001018,128.654237,93.043478,70.080125,0.098437,0.078354,2.518992,1.301556,1.298281,1.299918
119,2012-10-16 11:00,1.30161,1.30172,1.301,1.30124,2220,-0.000284,0.003243,1.301127,1.301053,1.30127,1.301606,1.300118,1.299974,1.300487,1.301057,1.297897,1.298321,1.298902,1.30119,1.296449,1.296712,1.297338,1.299895,0.001006,108.24582,82.318841,62.975483,0.111556,0.077384,2.497428,1.301714,1.29844,1.300077
120,2012-10-16 11:15,1.30122,1.30139,1.30078,1.30135,2665,0.0001,0.002289,1.301232,1.301138,1.301333,1.301423,1.300257,1.300105,1.300604,1.301273,1.298021,1.29844,1.299037,1.301375,1.296505,1.296803,1.297435,1.300078,0.000993,89.856576,85.507246,64.219794,0.054589,0.076415,2.472803,1.301832,1.298558,1.300195
121,2012-10-16 11:30,1.30134,1.30438,1.3008,1.30429,4178,0.002267,0.008569,1.30186,1.302039,1.302207,1.302724,1.300529,1.300504,1.300988,1.301779,1.2982,1.298669,1.299283,1.301625,1.296588,1.296952,1.29759,1.300292,0.001207,185.055463,98.494983,82.429981,0.285257,0.092812,2.479674,1.302046,1.298771,1.300409
122,2012-10-16 11:45,1.30429,1.30511,1.30403,1.30495,5141,0.000506,0.002101,1.302473,1.30287,1.30309,1.304579,1.300831,1.300927,1.301409,1.302509,1.298391,1.298916,1.299548,1.301939,1.296676,1.29711,1.297755,1.300536,0.001413,198.52375,97.615499,84.476458,0.468099,0.108637,2.515582,1.302345,1.29907,1.300708
123,2012-10-16 12:00,1.30496,1.30547,1.30442,1.30458,4113,-0.000291,0.002553,1.303003,1.303359,1.303692,1.305469,1.301088,1.301275,1.301766,1.303284,1.298542,1.299138,1.299791,1.302287,1.296747,1.297258,1.297912,1.300801,0.001529,155.88065,87.411598,78.557719,0.425696,0.117519,2.574893,1.302615,1.29934,1.300978
124,2012-10-16 12:15,1.30458,1.30593,1.30444,1.30529,4071,0.000544,0.00366,1.303617,1.303911,1.304345,1.305638,1.301364,1.301658,1.302166,1.304069,1.298713,1.299379,1.300055,1.302673,1.296827,1.297417,1.298081,1.301088,0.001659,136.179261,91.500664,81.437357,0.41851,0.12748,2.661148,1.30289,1.299615,1.301252
125,2012-10-16 12:30,1.30528,1.30602,1.30448,1.30466,3801,-0.000475,0.004052,1.304187,1.304125,1.304643,1.305263,1.301552,1.301944,1.30248,1.304687,1.298869,1.299586,1.300288,1.303061,1.296903,1.29756,1.298236,1.301386,0.001691,107.300634,82.152231,71.593394,0.302909,0.129967,2.765422,1.303124,1.299849,1.301487
126,2012-10-16 12:45,1.30466,1.30505,1.30437,1.30493,2231,0.000207,0.003048,1.304783,1.304355,1.304856,1.304986,1.301796,1.302228,1.302802,1.305168,1.299038,1.299796,1.300526,1.303449,1.296984,1.297706,1.298395,1.301693,0.001719,84.031533,84.560907,73.195618,0.339095,0.132082,2.886676,1.303341,1.300066,1.301704
127,2012-10-16 13:00,1.30494,1.30519,1.3046,1.30469,2718,-0.000192,0.002171,1.30485,1.304451,1.304829,1.304782,1.302014,1.302462,1.303078,1.305505,1.299195,1.299988,1.300748,1.303813,1.29706,1.297845,1.298548,1.302002,0.001702,74.381333,78.955696,69.19285,0.26282,0.130761,3.025247,1.303569,1.300295,1.301932
128,2012-10-16 13:15,1.30473,1.30494,1.30425,1.30475,2888,1.5e-05,0.002389,1.304817,1.304536,1.3048,1.304713,1.302262,1.30268,1.303338,1.305712,1.299366,1.300174,1.300966,1.304145,1.297142,1.297981,1.2987,1.30231,0.001674,61.540522,78.619529,69.671279,0.257415,0.1286,3.185707,1.303805,1.30053,1.302168
129,2012-10-16 13:30,1.30475,1.30515,1.30401,1.3051,3589,0.000268,0.003176,1.304903,1.304697,1.304881,1.304872,1.302485,1.302911,1.303608,1.305856,1.29954,1.300368,1.301191,1.304453,1.297229,1.298122,1.298857,1.302618,0.001661,57.854328,83.482944,72.541452,0.268129,0.127581,3.371549,1.304025,1.300751,1.302388
130,2012-10-16 13:45,1.30509,1.30606,1.30489,1.30593,4463,0.000644,0.002622,1.30501,1.305049,1.305175,1.305475,1.302752,1.303198,1.303936,1.306008,1.299735,1.300586,1.301441,1.304764,1.297335,1.298277,1.29903,1.30293,0.001699,73.929133,97.537879,78.189285,0.360425,0.130403,3.55314,1.304287,1.301012,1.302649
131,2012-10-16 14:00,1.30593,1.30601,1.3038,1.3039,4141,-0.001554,0.005337,1.304883,1.304721,1.304858,1.305043,1.303004,1.303265,1.304046,1.305909,1.299902,1.300716,1.301604,1.305014,1.297419,1.298388,1.29916,1.30322,0.001546,40.411093,59.090909,49.472575,0.19595,0.118708,3.699044,1.304531,1.301256,1.302894
132,2012-10-16 14:15,1.30392,1.30452,1.3022,1.30312,5365,-0.000614,0.004324,1.304582,1.304264,1.304354,1.303794,1.303208,1.303251,1.304057,1.305556,1.300048,1.30081,1.301731,1.30519,1.297491,1.298482,1.299273,1.303479,0.001347,1.679619,44.318182,42.544984,-0.089704,0.10342,3.802268,1.304752,1.301477,1.303115
133,2012-10-16 14:30,1.30312,1.30366,1.3026,1.30289,2916,-0.000176,0.003635,1.304282,1.303871,1.30387,1.302714,1.30336,1.303217,1.304027,1.305036,1.300182,1.300892,1.301842,1.305297,1.297563,1.298569,1.29938,1.303707,0.001158,-5.928444,39.962121,40.610193,-0.15786,0.088857,3.866328,1.304927,1.301652,1.30329
134,2012-10-16 14:45,1.30288,1.30307,1.30157,1.30226,4470,-0.000476,0.003356,1.303867,1.303411,1.303293,1.302089,1.303436,1.303126,1.303922,1.304382,1.300307,1.300945,1.301924,1.305325,1.29764,1.298642,1.299473,1.3039,0.000945,-32.032402,27.756654,35.506813,-0.177835,0.072579,3.884316,1.305019,1.301744,1.303382
135,2012-10-16 15:00,1.30226,1.30324,1.30201,1.30299,3424,0.000561,0.003592,1.303515,1.303291,1.303042,1.302256,1.30356,1.303113,1.303879,1.303814,1.300446,1.301025,1.302029,1.305311,1.297727,1.298728,1.299578,1.304069,0.000827,-14.40705,31.625835,44.784031,-0.176206,0.063466,3.85328,1.305133,1.301858,1.303495
136,2012-10-16 15:15,1.30297,1.30388,1.30276,1.30369,2675,0.000553,0.004187,1.303142,1.303405,1.303092,1.303035,1.303681,1.303168,1.303892,1.303427,1.300596,1.30113,1.302156,1.305284,1.297828,1.298827,1.299697,1.304225,0.00078,14.440621,47.216036,52.365429,-0.074349,0.059888,3.771856,1.305252,1.301977,1.303615
137,2012-10-16 15:30,1.30369,1.30414,1.3033,1.30371,2307,1.5e-05,0.003641,1.30311,1.303492,1.303255,1.303723,1.303796,1.303219,1.303894,1.303197,1.300735,1.301231,1.302278,1.305247,1.297929,1.298923,1.299813,1.304368,0.000736,26.061347,47.66147,52.580076,-0.093492,0.056524,3.645423,1.305373,1.302099,1.303736
138,2012-10-16 15:45,1.30371,1.30389,1.30307,1.30345,2106,-0.000199,0.003894,1.303165,1.30348,1.303352,1.303838,1.303888,1.303241,1.303861,1.30306,1.300874,1.301318,1.302385,1.305201,1.298028,1.299013,1.299922,1.304497,0.000673,13.736588,41.870824,49.251103,-0.095042,0.051653,3.467895,1.30547,1.302195,1.303833
139,2012-10-16 16:00,1.30345,1.30401,1.30309,1.30369,2331,0.000184,0.003947,1.303298,1.30354,1.303502,1.30375,1.304011,1.303284,1.303843,1.303002,1.301015,1.301411,1.302495,1.305153,1.298124,1.299106,1.300034,1.304617,0.000635,20.737162,47.216036,52.457082,-0.081242,0.048717,3.233509,1.305584,1.302309,1.303947
140,2012-10-16 16:15,1.30369,1.3047,1.30349,1.3044,1720,0.000545,0.007035,1.303655,1.303786,1.303817,1.304037,1.304164,1.30339,1.30388,1.303084,1.301179,1.301528,1.302628,1.305122,1.298225,1.29921,1.300159,1.304736,0.000654,62.038008,63.028953,60.890624,-0.053636,0.050206,2.974292,1.305735,1.30246,1.304098
141,2012-10-16 16:30,1.3044,1.30504,1.30435,1.30471,1647,0.000238,0.004189,1.303942,1.30405,1.304118,1.304568,1.304184,1.303516,1.303932,1.303324,1.301345,1.301653,1.302766,1.305111,1.298317,1.299319,1.300287,1.304859,0.000687,90.725648,69.933185,64.098977,-0.09342,0.052696,2.716587,1.305812,1.302538,1.304175
142,2012-10-16 16:45,1.30473,1.30485,1.30437,1.30452,1196,-0.000161,0.004013,1.30408,1.304184,1.304283,1.304814,1.304163,1.303612,1.303964,1.303642,1.301503,1.301766,1.302891,1.305103,1.298413,1.299422,1.30041,1.304984,0.000689,74.367949,65.701559,60.584179,0.04755,0.052883,2.463607,1.305807,1.302532,1.304169
143,2012-10-16 17:00,1.30454,1.30491,1.30424,1.30478,1363,0.000184,0.004916,1.304258,1.304354,1.304483,1.304868,1.304173,1.303723,1.304022,1.303999,1.30167,1.301884,1.303019,1.305101,1.298514,1.299528,1.300536,1.305111,0.000704,71.985442,71.492205,63.724875,0.127387,0.054018,2.227891,1.305798,1.302523,1.30416
144,2012-10-16 17:15,1.30478,1.30516,1.3046,1.30487,1023,6.9e-05,0.005474,1.304495,1.304502,1.304658,1.304897,1.304152,1.303832,1.304089,1.304344,1.301846,1.302001,1.303145,1.305105,1.298614,1.299634,1.300662,1.305239,0.000715,82.469592,74.324324,64.843733,0.15197,0.05484,2.012243,1.30578,1.302506,1.304143
145,2012-10-16 17:30,1.30489,1.30502,1.3047,1.30493,797,3.1e-05,0.004015,1.304702,1.304624,1.304782,1.30496,1.304165,1.303937,1.304163,1.304638,1.302021,1.302116,1.303266,1.305111,1.298714,1.299739,1.300787,1.305366,0.00072,75.802141,93.593315,65.658516,0.205028,0.055226,1.822942,1.305772,1.302497,1.304134
146,2012-10-16 17:45,1.30492,1.30492,1.30468,1.30474,720,-0.000138,0.003333,1.304758,1.304657,1.304793,1.3049,1.304156,1.304013,1.304218,1.304853,1.302179,1.302219,1.303372,1.305107,1.298826,1.299838,1.300906,1.305487,0.000701,61.441336,88.300836,60.532521,0.134306,0.053736,1.661757,1.305772,1.302497,1.304134
147,2012-10-16 18:00,1.30474,1.3048,1.30435,1.30447,899,-0.000207,0.005006,1.304718,1.304604,1.304711,1.30466,1.304145,1.304057,1.304247,1.304967,1.302316,1.302307,1.303462,1.305087,1.298935,1.29993,1.301018,1.305597,0.000656,39.417056,80.779944,53.663089,0.05983,0.050305,1.530853,1.305757,1.302483,1.30412
148,2012-10-16 18:15,1.30446,1.30458,1.30433,1.30451,663,3.8e-05,0.003771,1.304717,1.304577,1.304651,1.304467,1.304133,1.3041,1.304282,1.305008,1.302464,1.302393,1.303548,1.305056,1.299044,1.300021,1.301128,1.305698,0.000617,31.167714,79.365079,54.544867,0.061363,0.047288,1.43606,1.305749,1.302474,1.304111
149,2012-10-16 18:30,1.30451,1.3048,1.30441,1.30472,764,0.000161,0.005105,1.304707,1.304618,1.304652,1.304516,1.304114,1.304159,1.304338,1.305016,1.302585,1.302485,1.303637,1.305024,1.299149,1.300114,1.301241,1.30579,0.000595,40.350871,81.666667,59.243157,0.097434,0.04567,1.376438,1.305743,1.302468,1.304106
150,2012-10-16 18:45,1.30472,1.30485,1.30406,1.30431,1291,-0.000314,0.006119,1.304613,1.30453,1.304539,1.304469,1.304033,1.304173,1.304357,1.304955,1.3027,1.302556,1.303704,1.304983,1.299247,1.300197,1.301343,1.305869,0.000539,21.654921,59.330144,48.053968,0.047557,0.041374,1.331038,1.305682,1.302407,1.304045
151,2012-10-16 19:00,1.30431,1.30439,1.30422,1.30436,779,3.8e-05,0.002182,1.304518,1.304481,1.304467,1.304367,1.304056,1.304191,1.304388,1.304854,1.30281,1.302627,1.303769,1.304938,1.299344,1.300279,1.301444,1.305935,0.000493,13.256667,61.722488,49.398762,-0.003067,0.037843,1.295577,1.30567,1.302395,1.304032
152,2012-10-16 19:15,1.30436,1.30464,1.30436,1.30456,774,0.000153,0.003618,1.304488,1.304504,1.304479,1.304397,1.304128,1.304226,1.304436,1.304755,1.302923,1.302703,1.303838,1.304899,1.29945,1.300364,1.301548,1.305992,0.000468,27.858766,71.014493,54.799514,-0.011497,0.035868,1.266855,1.305732,1.302457,1.304094
153,2012-10-16 19:30,1.30456,1.30511,1.30442,1.3049,1151,0.000261,0.005995,1.30456,1.304617,1.304596,1.304673,1.304229,1.30429,1.304509,1.304702,1.303032,1.302789,1.303916,1.304878,1.299562,1.300454,1.301656,1.306044,0.000469,49.982046,84.431138,62.624401,0.029129,0.035991,1.248011,1.30582,1.302545,1.304182
154,2012-10-16 19:45,1.3049,1.30533,1.30463,1.30503,858,0.0001,0.008159,1.304647,1.304735,1.30473,1.30499,1.304367,1.304361,1.304586,1.304709,1.303137,1.302877,1.303994,1.304876,1.29967,1.300544,1.301764,1.306092,0.000476,73.396244,76.377953,65.276392,0.01916,0.036472,1.234485,1.305955,1.30268,1.304317
155,2012-10-16 20:00,1.30501,1.30568,1.30501,1.30546,1382,0.000345,0.004848,1.30477,1.304942,1.304963,1.305351,1.30449,1.304466,1.30469,1.304803,1.303228,1.302978,1.304085,1.304903,1.299786,1.300642,1.301879,1.306142,0.000509,120.54762,86.419753,72.675901,0.045215,0.039062,1.21603,1.306087,1.302812,1.304449
156,2012-10-16 20:15,1.30545,1.30568,1.3054,1.30561,1193,0.000123,0.002347,1.304987,1.305133,1.305203,1.305644,1.304586,1.304575,1.304797,1.304964,1.303339,1.303081,1.304178,1.304961,1.299893,1.30074,1.301994,1.306195,0.000542,129.625532,95.679012,74.834419,0.05211,0.041562,1.192737,1.306193,1.302918,1.304555
157,2012-10-16 20:30,1.30562,1.3057,1.30531,1.30533,789,-0.000222,0.004943,1.305148,1.305189,1.305301,1.305634,1.304668,1.304646,1.304867,1.305125,1.303439,1.303169,1.304257,1.305033,1.299995,1.300831,1.302102,1.306247,0.000539,104.49791,77.439024,63.953002,0.04522,0.041335,1.161446,1.306279,1.303004,1.304642
158,2012-10-16 20:45,1.30533,1.30572,1.30528,1.30531,720,-1.5e-05,0.006111,1.305273,1.305224,1.305347,1.305454,1.30476,1.30471,1.304929,1.305264,1.30355,1.303253,1.30433,1.305113,1.300094,1.30092,1.302207,1.306297,0.000529,103.082685,75.301205,63.195661,0.064394,0.040564,1.121494,1.306377,1.303103,1.30474
159,2012-10-16 21:00,1.30532,1.3068,1.30525,1.30646,1032,0.000873,0.015019,1.305533,1.305577,1.305686,1.305856,1.304899,1.304876,1.30509,1.305493,1.303666,1.303379,1.304444,1.305225,1.300204,1.301029,1.302333,1.306358,0.000607,178.184636,87.591241,79.389181,0.149481,0.046526,1.087073,1.306506,1.303231,1.304869
160,2012-10-16 21:15,1.30646,1.30977,1.30642,1.30907,2213,0.001998,0.015138,1.306207,1.306575,1.306697,1.307663,1.305132,1.305276,1.305488,1.306054,1.303836,1.303602,1.304656,1.305432,1.300343,1.301189,1.302508,1.306454,0.000869,235.474228,87.740806,90.42343,0.333405,0.066613,1.082458,1.306717,1.303442,1.30508
161,2012-10-16 21:30,1.30909,1.30966,1.30898,1.30966,1357,0.000435,0.005011,1.306907,1.307456,1.307683,1.309601,1.30538,1.305693,1.305919,1.306867,1.304052,1.30384,1.304884,1.305728,1.300487,1.301356,1.302693,1.306586,0.001112,192.649418,98.073555,91.59684,0.410179,0.085185,1.111133,1.306954,1.303679,1.305316
162,2012-10-16 21:45,1.30965,1.30987,1.30935,1.30977,996,9.2e-05,0.005221,1.3076,1.308117,1.308501,1.310547,1.305642,1.306082,1.306337,1.307786,1.304266,1.304072,1.305109,1.306091,1.300636,1.301523,1.302877,1.306748,0.001298,150.474172,98.27883,91.81265,0.414763,0.099426,1.167565,1.307208,1.303933,1.305571
163,2012-10-16 22:00,1.30977,1.30978,1.30829,1.3085,1207,-0.00097,0.012345,1.308128,1.308227,1.308759,1.309894,1.305828,1.306312,1.306609,1.308527,1.304439,1.304246,1.305275,1.306464,1.300776,1.301661,1.303032,1.30692,0.001328,97.974,76.419966,68.408297,0.302018,0.101691,1.240773,1.307419,1.304144,1.305781
164,2012-10-16 22:15,1.3085,1.30904,1.30831,1.30876,919,0.000199,0.007943,1.308703,1.308379,1.308939,1.308988,1.306023,1.306545,1.306888,1.309073,1.3046,1.304423,1.305444,1.306842,1.300918,1.301802,1.303191,1.307101,0.001357,78.940076,80.353982,70.202577,0.295808,0.10389,1.341032,1.30761,1.304335,1.305973
165,2012-10-16 22:30,1.30876,1.30926,1.30874,1.30909,697,0.000252,0.007461,1.309142,1.308582,1.30905,1.308724,1.306231,1.306787,1.30718,1.309478,1.304771,1.304606,1.30562,1.307219,1.301063,1.301946,1.303352,1.307289,0.00139,77.790573,85.84392,72.490729,0.311104,0.10644,1.476139,1.307817,1.304543,1.30618
166,2012-10-16 22:45,1.30909,1.30988,1.30908,1.30974,817,0.000497,0.009792,1.309253,1.308913,1.30922,1.309238,1.306481,1.307069,1.307515,1.309841,1.304941,1.304807,1.305815,1.307599,1.301213,1.3021,1.303524,1.307488,0.001453,82.257954,97.435897,76.578353,0.327854,0.111186,1.650382,1.308057,1.304782,1.306419
167,2012-10-16 23:00,1.3097,1.3097,1.30918,1.30933,692,-0.000283,0.007514,1.309198,1.309032,1.309242,1.309574,1.306724,1.307284,1.307786,1.310118,1.305099,1.304985,1.305987,1.307957,1.301361,1.302244,1.303685,1.307689,0.001452,67.986449,89.52381,69.104934,0.284924,0.111133,1.861286,1.3083,1.305025,1.306662
168,2012-10-16 23:15,1.30935,1.31232,1.3093,1.31193,2058,0.00197,0.014674,1.309558,1.30986,1.310023,1.310786,1.307095,1.307726,1.308282,1.310564,1.305306,1.305257,1.306255,1.308367,1.301536,1.302435,1.303894,1.307915,0.001643,104.044998,94.664843,81.975782,0.505619,0.125674,2.120372,1.308635,1.305361,1.306998
169,2012-10-16 23:30,1.31194,1.31214,1.31121,1.31144,1758,-0.000381,0.00529,1.310048,1.310312,1.31056,1.311753,1.307431,1.30808,1.308695,1.311006,1.30551,1.3055,1.306495,1.308803,1.301703,1.302614,1.30409,1.308154,0.001734,98.697536,87.553041,75.166332,0.46962,0.132637,2.391144,1.308983,1.305708,1.307346
170,2012-10-16 23:45,1.31143,1.31164,1.31055,1.31056,1181,-0.000663,0.009229,1.310348,1.310383,1.310707,1.311619,1.307744,1.308316,1.308993,1.311285,1.305694,1.305698,1.306694,1.309231,1.301857,1.302771,1.304266,1.30839,0.001716,71.861657,75.106082,64.127887,0.313825,0.131213,2.647063,1.309309,1.306034,1.307671
171,2012-10-17 00:00,1.31055,1.31055,1.30959,1.31007,1599,-0.000366,0.006004,1.310512,1.310293,1.310627,1.310683,1.308029,1.308483,1.309215,1.311376,1.30581,1.305869,1.306865,1.30963,1.302005,1.302916,1.304428,1.308617,0.001643,45.707592,68.175389,58.59902,0.07639,0.125614,2.88057,1.309596,1.306321,1.307959
172,2012-10-17 00:15,1.31006,1.31032,1.30961,1.31012,1123,4.6e-05,0.006322,1.310575,1.310244,1.310515,1.309991,1.308307,1.308639,1.309414,1.31132,1.305913,1.306036,1.307034,1.309994,1.302152,1.303058,1.304589,1.308835,0.001571,41.803974,68.882603,59.01506,0.035124,0.120099,3.105358,1.309871,1.306596,1.308233
173,2012-10-17 00:30,1.31011,1.31035,1.30947,1.3096,990,-0.000389,0.008889,1.31062,1.31006,1.310237,1.30959,1.308542,1.308731,1.309537,1.311152,1.306013,1.306176,1.307179,1.310304,1.302278,1.303188,1.304737,1.30904,0.001455,34.132652,53.898305,52.664344,-0.012979,0.111241,3.320226,1.310121,1.306846,1.308483
174,2012-10-17 00:45,1.3096,1.30974,1.30923,1.30944,1529,-0.000122,0.003336,1.310205,1.309883,1.3099,1.309365,1.308762,1.308798,1.309623,1.310911,1.306096,1.306304,1.307313,1.310556,1.302405,1.303312,1.304878,1.30923,0.001335,23.122402,28.53598,50.726326,0.071838,0.102058,3.507101,1.310344,1.307069,1.308707
175,2012-10-17 01:00,1.30944,1.31042,1.30944,1.3102,1089,0.00058,0.008999,1.309998,1.309973,1.309898,1.309635,1.309,1.308932,1.30976,1.310709,1.306207,1.306457,1.307474,1.310773,1.302538,1.303448,1.305033,1.309414,0.001287,40.323286,47.394541,58.996324,0.110028,0.098331,3.652117,1.310576,1.307301,1.308939
176,2012-10-17 01:15,1.3102,1.31086,1.31002,1.3102,973,0.0,0.008633,1.309938,1.310038,1.309956,1.310059,1.309229,1.309053,1.309874,1.310536,1.306313,1.306604,1.307631,1.31096,1.302675,1.303582,1.305184,1.30959,0.001234,51.811355,47.394541,58.996324,0.084792,0.094289,3.752886,1.310816,1.307541,1.309178
177,2012-10-17 01:30,1.31019,1.31084,1.31018,1.3104,1247,0.00016,0.005293,1.309993,1.310142,1.310088,1.310405,1.309482,1.309181,1.309986,1.310415,1.306427,1.306752,1.307791,1.311129,1.302811,1.303717,1.305337,1.30976,0.001194,58.520014,52.119701,61.273571,0.050392,0.091265,3.793994,1.311067,1.307792,1.30943
178,2012-10-17 01:45,1.3104,1.31052,1.30958,1.30967,913,-0.000557,0.010296,1.309918,1.310007,1.309995,1.310176,1.309701,1.309227,1.310003,1.310243,1.306525,1.306867,1.307918,1.311258,1.302946,1.303835,1.305473,1.309917,0.001092,39.47186,25.977654,49.658504,0.025967,0.083409,3.769696,1.311292,1.308017,1.309654
179,2012-10-17 02:00,1.30967,1.31,1.30952,1.30971,702,3.1e-05,0.006838,1.309937,1.309922,1.309936,1.309794,1.309863,1.309273,1.310004,1.310064,1.306617,1.306978,1.308043,1.311351,1.303079,1.303951,1.305607,1.310062,0.001002,37.448916,19.444444,50.254695,-0.169216,0.076547,3.701504,1.31147,1.308195,1.309833
180,2012-10-17 02:15,1.30971,1.31038,1.30968,1.3099,865,0.000145,0.008092,1.310013,1.309916,1.309925,1.309677,1.309904,1.309333,1.310008,1.309935,1.306697,1.307093,1.308172,1.311416,1.303216,1.304069,1.305742,1.310202,0.000935,57.117139,22.929936,53.286777,-0.117428,0.071456,3.60273,1.311549,1.308274,1.309911
181,2012-10-17 02:30,1.3099,1.30995,1.30936,1.30973,577,-0.00013,0.010225,1.309935,1.309863,1.309844,1.309705,1.309908,1.309371,1.309991,1.309839,1.306813,1.307196,1.308291,1.311448,1.303358,1.304181,1.305871,1.310334,0.000859,26.773958,16.18123,50.132147,-0.063332,0.065618,3.471983,1.311561,1.308286,1.309924
182,2012-10-17 02:45,1.30973,1.30989,1.30902,1.30905,812,-0.000519,0.010714,1.309743,1.30963,1.309591,1.309404,1.309872,1.30934,1.30991,1.309707,1.306932,1.307269,1.308378,1.311429,1.30349,1.304277,1.305984,1.310452,0.000735,-5.463896,0.961538,39.373828,-0.077858,0.056154,3.301126,1.311544,1.308269,1.309906
183,2012-10-17 03:00,1.30907,1.30961,1.30907,1.3093,1234,0.000176,0.004376,1.30956,1.309536,1.309465,1.309156,1.309912,1.309336,1.309855,1.309574,1.30706,1.307349,1.308471,1.311371,1.303621,1.304377,1.306099,1.310559,0.00065,-4.574177,10.687023,44.432409,-0.06259,0.049622,3.101188,1.311567,1.308292,1.30993
184,2012-10-17 03:15,1.30934,1.30983,1.30903,1.30963,1132,0.000221,0.007067,1.309553,1.309563,1.309485,1.309279,1.309955,1.309364,1.309828,1.309478,1.307208,1.307438,1.308572,1.311291,1.303757,1.304481,1.306218,1.310659,0.000601,11.072937,33.152174,50.697909,0.002291,0.045949,2.891407,1.311607,1.308332,1.309969
185,2012-10-17 03:30,1.30963,1.31001,1.30933,1.30934,940,-0.000221,0.007234,1.309492,1.309499,1.309424,1.309411,1.309968,1.309362,1.30977,1.309384,1.307335,1.307513,1.308656,1.311185,1.30389,1.304577,1.306329,1.310748,0.000534,16.551951,17.391304,45.496251,-0.007637,0.040781,2.67479,1.311633,1.308359,1.309996
186,2012-10-17 03:45,1.30934,1.30967,1.30921,1.30929,443,-3.8e-05,0.010384,1.30939,1.309439,1.309366,1.309386,1.309946,1.309355,1.309705,1.309304,1.307447,1.307582,1.308732,1.31106,1.304021,1.30467,1.306435,1.310826,0.000471,-1.277945,14.673913,44.586187,-0.069455,0.035963,2.448823,1.311625,1.30835,1.309987
187,2012-10-17 04:00,1.30928,1.30933,1.3088,1.30893,733,-0.000267,0.007231,1.309257,1.309294,1.309235,1.309121,1.309926,1.309315,1.309608,1.309199,1.307551,1.307635,1.308791,1.310912,1.304143,1.304755,1.306533,1.310891,0.000387,-34.847432,6.31068,38.232706,-0.096932,0.029585,2.224173,1.311605,1.308331,1.309968
188,2012-10-17 04:15,1.30893,1.30914,1.30862,1.30864,998,-0.000222,0.00521,1.309188,1.309107,1.309059,1.308755,1.309761,1.30925,1.309486,1.309058,1.307655,1.307675,1.308833,1.310742,1.304264,1.304832,1.306622,1.31094,0.000294,-52.862544,0.892857,33.761028,-0.13431,0.022485,2.005414,1.311486,1.308211,1.309849
189,2012-10-17 04:30,1.30864,1.30893,1.30857,1.30883,1155,0.000145,0.003117,1.30911,1.309028,1.308956,1.308617,1.30963,1.30921,1.309397,1.308928,1.307758,1.30772,1.308879,1.310564,1.304386,1.304911,1.306712,1.310976,0.000233,-59.381802,11.353712,39.141954,-0.064138,0.017823,1.790261,1.311345,1.30807,1.309708
190,2012-10-17 04:45,1.30885,1.30924,1.30882,1.30888,912,2.3e-05,0.004605,1.308985,1.308986,1.30889,1.308708,1.309547,1.309179,1.309326,1.308821,1.307847,1.307765,1.308923,1.310381,1.304513,1.304989,1.306801,1.311003,0.000187,-34.831447,13.656388,40.606972,-0.063373,0.014271,1.578338,1.311248,1.307974,1.309611
191,2012-10-17 05:00,1.30889,1.30913,1.30869,1.30903,888,0.000107,0.004955,1.308933,1.308998,1.308903,1.308912,1.309494,1.309165,1.309277,1.308763,1.307934,1.307815,1.30897,1.310201,1.304639,1.305069,1.306891,1.311022,0.00016,-34.609841,23.589744,45.17543,-0.066417,0.01224,1.377151,1.311192,1.307918,1.309555
192,2012-10-17 05:15,1.30902,1.30958,1.30881,1.30953,739,0.00039,0.010419,1.308973,1.30915,1.309074,1.309287,1.309465,1.3092,1.30928,1.308802,1.308034,1.307882,1.309032,1.310043,1.304768,1.305158,1.306987,1.31104,0.000177,12.357628,53.038674,57.691953,-0.01527,0.013557,1.19777,1.311157,1.307882,1.30952
193,2012-10-17 05:30,1.30953,1.30953,1.30932,1.30941,725,-9.2e-05,0.002897,1.309053,1.309224,1.309199,1.309529,1.309455,1.30922,1.309275,1.308884,1.308126,1.307942,1.309086,1.3099,1.304898,1.305242,1.307079,1.311055,0.000179,25.480093,46.40884,54.261441,0.027501,0.013702,1.028518,1.311138,1.307863,1.3095
194,2012-10-17 05:45,1.30941,1.31006,1.3089,1.30896,1384,-0.000344,0.008382,1.309107,1.309149,1.309172,1.30935,1.309432,1.309195,1.309228,1.308937,1.308208,1.307982,1.309119,1.309764,1.305027,1.305315,1.30716,1.311063,0.000143,8.819998,26.174497,43.157459,-0.025968,0.010918,0.863149,1.311129,1.307855,1.309492
195,2012-10-17 06:00,1.30896,1.30926,1.30846,1.3087,1970,-0.000199,0.004061,1.309085,1.309021,1.309056,1.308916,1.309356,1.309148,1.309158,1.308939,1.308284,1.30801,1.309138,1.309629,1.305152,1.305383,1.307232,1.311062,9.2e-05,-53.705721,15.0,37.97649,-0.071012,0.007028,0.699736,1.311069,1.307794,1.309431
196,2012-10-17 06:15,1.30872,1.31016,1.30871,1.30995,2204,0.00094,0.006579,1.309263,1.309286,1.309303,1.309207,1.309344,1.309224,1.309214,1.309036,1.308388,1.308086,1.309204,1.309533,1.305283,1.305473,1.307327,1.311066,0.000151,55.446681,87.647059,62.769819,0.046588,0.011516,0.557908,1.311031,1.307756,1.309394
197,2012-10-17 06:30,1.30994,1.31105,1.3096,1.31096,3134,0.000779,0.004627,1.309585,1.309764,1.309788,1.310282,1.309372,1.309389,1.309368,1.309316,1.308518,1.308199,1.309304,1.309498,1.305417,1.305582,1.30744,1.311086,0.000276,174.058863,96.525097,72.877771,0.12755,0.021055,0.445339,1.311034,1.307759,1.309397
198,2012-10-17 06:45,1.31095,1.31133,1.31046,1.31071,2342,-0.000183,0.003715,1.309782,1.310035,1.310109,1.311051,1.309424,1.309515,1.309496,1.309679,1.308642,1.308297,1.30939,1.309506,1.305553,1.305683,1.307545,1.311116,0.00035,163.582077,78.397213,67.633373,0.135989,0.026763,0.357158,1.31108,1.307805,1.309442
199,2012-10-17 07:00,1.31073,1.31183,1.31029,1.31162,3480,0.000679,0.004425,1.31015,1.310488,1.310634,1.311594,1.30952,1.309716,1.309705,1.310155,1.30878,1.308428,1.309507,1.309575,1.305682,1.305801,1.307665,1.311162,0.000478,155.987662,93.768546,75.145393,0.227717,0.036472,0.301002,1.311155,1.30788,1.309518
200,2012-10-17 07:15,1.31161,1.31165,1.31058,1.31099,3020,-0.000473,0.003543,1.310488,1.310631,1.310874,1.311548,1.309574,1.309837,1.309845,1.310575,1.308913,1.308528,1.309594,1.309671,1.305806,1.305903,1.30777,1.311216,0.000522,112.449478,75.074184,63.392513,0.165033,0.039824,0.272255,1.311209,1.307934,1.309572
201,2012-10-17 07:30,1.31097,1.31112,1.3095,1.30965,3742,-0.001007,0.004329,1.310647,1.310351,1.310635,1.310621,1.30957,1.309819,1.309852,1.310765,1.309019,1.308572,1.309623,1.309751,1.305914,1.305978,1.307846,1.31126,0.000443,22.721367,35.311573,45.809021,0.058829,0.033836,0.248745,1.31123,1.307955,1.309592
202,2012-10-17 07:45,1.30965,1.30995,1.3093,1.30984,3093,0.000145,0.002102,1.310628,1.310205,1.310404,1.30976,1.30961,1.309821,1.309878,1.310803,1.309125,1.308622,1.309655,1.309816,1.306024,1.306054,1.307924,1.311295,0.000392,-10.622904,40.949555,48.161451,0.061878,0.029917,0.22973,1.311249,1.307974,1.309611
203,2012-10-17 08:00,1.30984,1.31122,1.3096,1.31114,3371,0.000992,0.004806,1.310658,1.310472,1.31055,1.310088,1.309702,1.309947,1.310024,1.310872,1.309249,1.308721,1.309734,1.309901,1.306141,1.306155,1.308025,1.311334,0.000451,63.769978,79.525223,61.392608,0.122945,0.034421,0.236953,1.311315,1.30804,1.309678
204,2012-10-17 08:15,1.31112,1.31164,1.31074,1.31099,3299,-9.9e-05,0.002728,1.310705,1.31062,1.310645,1.310823,1.309769,1.310046,1.310146,1.310969,1.309369,1.30881,1.309802,1.309996,1.306253,1.306251,1.308121,1.311375,0.00048,86.787959,75.074184,59.374966,0.120665,0.036643,0.279322,1.311396,1.308121,1.309759
205,2012-10-17 08:30,1.31099,1.31137,1.3103,1.31039,3284,-0.000458,0.003258,1.3105,1.310554,1.310555,1.310934,1.309822,1.310079,1.310205,1.311018,1.309467,1.308872,1.309842,1.310081,1.306348,1.306333,1.308203,1.311408,0.000449,46.357067,57.27003,51.55497,0.109247,0.034314,0.342071,1.311453,1.308178,1.309815
206,2012-10-17 08:45,1.31039,1.31051,1.30953,1.30968,2683,-0.000542,0.003653,1.310282,1.310305,1.310321,1.310258,1.309841,1.310041,1.310192,1.310914,1.309549,1.308903,1.309851,1.310139,1.306444,1.306399,1.308269,1.311424,0.000364,-11.889032,36.20178,43.697009,0.074883,0.027775,0.398854,1.311478,1.308204,1.309841
207,2012-10-17 09:00,1.30969,1.31021,1.30938,1.31001,2364,0.000244,0.003511,1.310342,1.31022,1.310243,1.309772,1.309895,1.310038,1.310208,1.310722,1.309642,1.308947,1.309869,1.310188,1.306541,1.30647,1.30834,1.311427,0.000319,-13.878012,45.994065,47.951531,0.00458,0.024344,0.445905,1.311521,1.308246,1.309883
208,2012-10-17 09:15,1.30999,1.31053,1.30983,1.31035,2746,0.000275,0.002549,1.310427,1.310257,1.310246,1.309897,1.309981,1.310068,1.310251,1.310539,1.309743,1.309002,1.309897,1.310239,1.306646,1.306547,1.308415,1.311423,0.000307,14.384934,56.083086,52.241761,-0.046531,0.023449,0.480978,1.311593,1.308318,1.309955
209,2012-10-17 09:30,1.31036,1.31167,1.31024,1.31161,3061,0.000954,0.004672,1.310505,1.310644,1.310584,1.310843,1.31012,1.310215,1.310406,1.310535,1.309846,1.309104,1.30997,1.310327,1.306756,1.306647,1.308513,1.311424,0.000395,83.291324,92.948718,64.687921,0.068665,0.030152,0.5147,1.311712,1.308438,1.310075
210,2012-10-17 09:45,1.31161,1.31179,1.31103,1.31123,2729,-0.00029,0.002785,1.310545,1.310811,1.310791,1.311507,1.310238,1.310311,1.310512,1.31064,1.309889,1.309187,1.310024,1.310429,1.306863,1.306738,1.308602,1.311428,0.000429,88.075052,76.284585,59.309301,-0.029734,0.032745,0.557614,1.311831,1.308556,1.310194
211,2012-10-17 10:00,1.31123,1.3117,1.31082,1.31132,2239,6.9e-05,0.00393,1.3107,1.310957,1.311012,1.311653,1.310352,1.310407,1.310615,1.310813,1.309922,1.309271,1.31008,1.310548,1.306987,1.306829,1.30869,1.311436,0.000458,76.453883,79.841897,60.21335,0.025172,0.034951,0.611508,1.311947,1.308673,1.31031
212,2012-10-17 10:15,1.31136,1.31216,1.31128,1.31198,2342,0.000473,0.003757,1.311083,1.311249,1.311378,1.311816,1.310474,1.310557,1.31077,1.311064,1.309967,1.309377,1.310161,1.310697,1.307116,1.306931,1.308789,1.311454,0.000528,105.414401,93.706294,66.509409,0.17791,0.040297,0.669997,1.312072,1.308798,1.310435
213,2012-10-17 10:30,1.31198,1.31293,1.3118,1.3122,2882,0.000168,0.003921,1.311448,1.311521,1.311697,1.312139,1.310614,1.310714,1.310935,1.311347,1.310041,1.309488,1.310248,1.310875,1.30724,1.307035,1.30889,1.311482,0.000594,122.852247,79.889807,68.430825,0.180175,0.045363,0.719465,1.312217,1.308942,1.310579
214,2012-10-17 10:45,1.3122,1.31285,1.31145,1.31157,2429,-0.00048,0.005764,1.311652,1.311535,1.311732,1.312064,1.310744,1.310795,1.311026,1.311578,1.310097,1.30957,1.310308,1.311049,1.307348,1.307125,1.308976,1.311514,0.00059,87.234586,62.534435,57.525793,0.032796,0.044982,0.757407,1.312349,1.309075,1.310712
215,2012-10-17 11:00,1.31159,1.31231,1.3114,1.31229,2978,0.000534,0.003056,1.311765,1.311751,1.311914,1.312092,1.310924,1.310938,1.311173,1.311836,1.310161,1.309676,1.310394,1.311232,1.307466,1.307227,1.309073,1.311557,0.000636,89.801904,82.369146,64.901499,0.099162,0.04855,0.807347,1.312509,1.309234,1.310872
216,2012-10-17 11:15,1.31228,1.31287,1.31204,1.31229,2751,8e-06,0.003017,1.311942,1.311905,1.312064,1.312236,1.311041,1.311066,1.311303,1.312088,1.310212,1.309779,1.310478,1.311416,1.307576,1.307328,1.309169,1.311608,0.000666,109.753218,81.971831,64.901499,0.144995,0.050791,0.880068,1.312649,1.309374,1.311011
217,2012-10-17 11:30,1.31228,1.31303,1.312,1.31211,3006,-0.00013,0.003426,1.312073,1.311963,1.312112,1.312284,1.311098,1.311166,1.311405,1.31229,1.310267,1.30987,1.310552,1.31159,1.307683,1.307422,1.309259,1.311664,0.000667,92.542659,74.794521,61.355276,0.185542,0.050872,0.963726,1.312741,1.309466,1.311104
218,2012-10-17 11:45,1.31212,1.31237,1.3117,1.31173,2357,-0.000297,0.002843,1.312032,1.311897,1.312014,1.31202,1.31115,1.311219,1.311465,1.312391,1.310263,1.309943,1.31061,1.311741,1.307785,1.307508,1.309339,1.311718,0.00063,51.428051,64.383562,54.14827,0.131297,0.048045,1.040575,1.312796,1.309521,1.311158
219,2012-10-17 12:00,1.31174,1.31246,1.31174,1.31195,2343,0.00016,0.003073,1.31199,1.311912,1.311991,1.311839,1.311166,1.311289,1.311541,1.312415,1.310274,1.310022,1.310676,1.311875,1.307892,1.307596,1.309421,1.311771,0.000611,53.193831,70.410959,57.484367,0.122105,0.04662,1.10876,1.312836,1.309561,1.311199
220,2012-10-17 12:15,1.31195,1.31365,1.31193,1.31331,3211,0.001037,0.005357,1.31228,1.312311,1.312368,1.312484,1.311282,1.311482,1.311745,1.312536,1.310329,1.310151,1.310795,1.312028,1.308011,1.307709,1.309529,1.31184,0.000698,100.242884,92.037471,72.010327,0.129612,0.053242,1.186944,1.312931,1.309656,1.311293
221,2012-10-17 12:30,1.31334,1.31357,1.31194,1.31281,3872,-0.000404,0.00421,1.312367,1.312454,1.31252,1.313038,1.31144,1.311608,1.311891,1.312669,1.310383,1.310255,1.310892,1.312182,1.308096,1.30781,1.309624,1.311915,0.000718,78.20724,78.010471,62.89465,0.120498,0.054782,1.266881,1.313065,1.30979,1.311427
222,2012-10-17 12:45,1.3128,1.31359,1.31257,1.31281,3588,8e-06,0.002843,1.312453,1.312556,1.312646,1.313143,1.311588,1.311723,1.312021,1.312799,1.310437,1.310355,1.310987,1.31233,1.308175,1.307909,1.309717,1.311995,0.000726,86.508034,75.366569,62.89465,0.113626,0.055363,1.345163,1.313229,1.309955,1.311592
223,2012-10-17 13:00,1.3128,1.31289,1.31165,1.31173,3567,-0.000815,0.003476,1.31239,1.31232,1.31244,1.312447,1.311618,1.311723,1.312035,1.312791,1.31048,1.310409,1.311038,1.312442,1.308247,1.307984,1.309787,1.312068,0.000638,22.333499,32.155477,46.109249,-0.019055,0.048621,1.418011,1.313301,1.310026,1.311664
224,2012-10-17 13:15,1.31171,1.31245,1.31148,1.31172,3086,8e-06,0.003143,1.312388,1.312148,1.312248,1.311741,1.311654,1.311723,1.312044,1.312671,1.310525,1.310461,1.311087,1.312522,1.308311,1.308058,1.309856,1.312133,0.00056,7.030898,31.80212,45.978151,-0.03658,0.042724,1.476392,1.313339,1.310064,1.311702
225,2012-10-17 13:30,1.31174,1.31189,1.31033,1.31141,4662,-0.000252,0.003346,1.312298,1.311937,1.311969,1.311297,1.311706,1.311693,1.312021,1.312456,1.31055,1.310498,1.311121,1.312569,1.308378,1.308125,1.309917,1.312188,0.000469,-38.036174,32.53012,41.733872,-0.012199,0.035732,1.508783,1.313365,1.310091,1.311728
226,2012-10-17 13:45,1.31141,1.31281,1.31139,1.31262,4617,0.000923,0.003076,1.312183,1.312132,1.31206,1.31177,1.311852,1.311781,1.312108,1.312333,1.310598,1.310581,1.311203,1.312619,1.308455,1.308214,1.310001,1.312246,0.000488,40.423906,68.975904,58.844109,0.025147,0.037204,1.528377,1.313484,1.310209,1.311846
227,2012-10-17 14:00,1.31257,1.31349,1.31254,1.31285,4231,0.000213,0.002245,1.31219,1.312337,1.312251,1.312568,1.311995,1.311883,1.312203,1.312329,1.310647,1.31067,1.311291,1.312676,1.308537,1.308306,1.310088,1.312309,0.000516,101.422595,75.903614,61.334426,0.042673,0.039331,1.549257,1.313638,1.310364,1.312001
228,2012-10-17 14:15,1.31286,1.31295,1.31197,1.31242,3643,-0.000335,0.00269,1.312125,1.312361,1.312317,1.312856,1.312098,1.311934,1.312244,1.312356,1.310702,1.310739,1.31136,1.312727,1.308614,1.308387,1.310165,1.312371,0.000498,58.497291,62.951807,54.252795,0.023626,0.037935,1.569951,1.313749,1.310474,1.312111
229,2012-10-17 14:30,1.31242,1.31282,1.31176,1.31229,3962,-9.9e-05,0.002675,1.312218,1.312341,1.312364,1.312619,1.312132,1.311968,1.312262,1.312374,1.310754,1.3108,1.311423,1.312772,1.308686,1.308464,1.310238,1.312431,0.000467,39.364419,59.036145,52.152283,0.042692,0.035618,1.567366,1.313805,1.31053,1.312167
230,2012-10-17 14:45,1.31229,1.3126,1.31191,1.31211,3479,-0.000137,0.001983,1.312283,1.312275,1.312333,1.312237,1.312176,1.311982,1.31226,1.312334,1.310798,1.310851,1.311476,1.312808,1.308747,1.308537,1.310306,1.312485,0.000424,28.000776,53.614458,49.114282,0.012196,0.032303,1.53187,1.313848,1.310573,1.31221
231,2012-10-17 15:00,1.31209,1.31221,1.31135,1.31197,4110,-9.1e-05,0.002092,1.312377,1.312188,1.312243,1.311968,1.312208,1.311981,1.31224,1.312258,1.310843,1.310895,1.311522,1.312828,1.308828,1.308605,1.31037,1.312534,0.000374,-21.236082,49.39759,46.674251,-0.102032,0.028486,1.473151,1.313876,1.310601,1.312238
232,2012-10-17 15:15,1.31198,1.3125,1.31159,1.31247,2800,0.000373,0.00325,1.312352,1.312268,1.31227,1.31211,1.312233,1.312027,1.312265,1.312236,1.310911,1.310957,1.311586,1.312844,1.308921,1.308681,1.310442,1.312584,0.00037,27.737404,64.457831,55.736278,-0.025899,0.028211,1.406429,1.313895,1.31062,1.312257
233,2012-10-17 15:30,1.31248,1.31371,1.312,1.31371,3172,0.000937,0.005391,1.312495,1.31268,1.312658,1.312976,1.312308,1.312187,1.312406,1.312399,1.310999,1.311065,1.311695,1.312889,1.30903,1.308781,1.310537,1.312647,0.000462,142.889519,100.0,70.218486,0.068555,0.035211,1.349768,1.313936,1.310661,1.312299
234,2012-10-17 15:45,1.31371,1.31386,1.31301,1.31321,1891,-0.000381,0.004495,1.312627,1.312832,1.312862,1.313548,1.31239,1.312285,1.312492,1.312622,1.311071,1.311149,1.311782,1.31294,1.309139,1.308868,1.31062,1.312717,0.000489,142.779709,81.586402,60.941698,0.112828,0.037254,1.301424,1.314006,1.310732,1.312369
235,2012-10-17 16:00,1.3132,1.31332,1.31258,1.31259,1962,-0.000465,0.003772,1.312677,1.312763,1.312852,1.313291,1.312406,1.312314,1.312511,1.312786,1.311136,1.311205,1.311842,1.312979,1.309235,1.308942,1.310688,1.312785,0.000455,68.218281,64.022663,51.25357,0.066325,0.034662,1.249231,1.314048,1.310773,1.31241
236,2012-10-17 16:15,1.3126,1.31342,1.31232,1.31242,1593,-0.000137,0.006905,1.312728,1.312665,1.312779,1.312664,1.312412,1.312324,1.312512,1.312847,1.311198,1.311253,1.311892,1.313003,1.309323,1.309011,1.310751,1.312847,0.000409,48.760703,59.206799,48.799183,0.077016,0.031203,1.186189,1.314064,1.310789,1.312426
237,2012-10-17 16:30,1.3124,1.31262,1.3121,1.3126,1458,0.000152,0.003567,1.312833,1.312646,1.312742,1.312369,1.312436,1.31235,1.31253,1.312841,1.311272,1.311306,1.311947,1.313018,1.309411,1.309082,1.310816,1.312906,0.000384,12.450727,64.305949,51.629105,-0.001524,0.029231,1.117715,1.314067,1.310792,1.31243
238,2012-10-17 16:45,1.31263,1.31266,1.31179,1.31187,1422,-0.000579,0.006118,1.312733,1.312424,1.312467,1.312074,1.312444,1.312305,1.312476,1.31274,1.311336,1.311328,1.311971,1.313001,1.309496,1.309137,1.310865,1.312954,0.000301,-26.801603,43.626062,41.019752,-0.074647,0.022916,1.04533,1.314076,1.310801,1.312438
239,2012-10-17 17:00,1.31187,1.31297,1.31184,1.31281,1196,0.000717,0.009448,1.312583,1.312535,1.312489,1.312271,1.312486,1.312353,1.312511,1.312695,1.311416,1.311386,1.312028,1.312985,1.309587,1.30921,1.31093,1.313002,0.000307,25.812463,58.167331,54.815292,0.029716,0.02342,0.986815,1.3141,1.310825,1.312463
240,2012-10-17 17:15,1.31281,1.31286,1.31244,1.31251,858,-0.000229,0.004895,1.312467,1.312528,1.312468,1.312504,1.312446,1.312368,1.312513,1.312662,1.311489,1.31143,1.312071,1.31296,1.309668,1.309275,1.310988,1.313045,0.000285,31.463324,46.215139,50.46827,0.016765,0.021725,0.942858,1.314082,1.310807,1.312445
241,2012-10-17 17:30,1.31251,1.31271,1.31192,1.31202,1008,-0.000373,0.007837,1.312372,1.312383,1.31234,1.312373,1.312407,1.312335,1.312473,1.312577,1.311548,1.311453,1.312092,1.312918,1.309741,1.30933,1.311035,1.313079,0.000225,-17.738315,26.693227,43.906229,-0.006859,0.017171,0.903639,1.314054,1.310779,1.312417
242,2012-10-17 17:45,1.31199,1.31262,1.31192,1.31224,1197,0.000191,0.005848,1.312342,1.312342,1.312302,1.312177,1.312378,1.312326,1.312457,1.312477,1.311603,1.311484,1.312119,1.312871,1.309818,1.309387,1.311084,1.313104,0.000193,-11.241337,35.458167,47.446196,0.02058,0.014745,0.849388,1.314018,1.310743,1.31238
243,2012-10-17 18:00,1.31225,1.31274,1.3122,1.31245,1190,0.000152,0.004538,1.312317,1.312373,1.312333,1.312229,1.312414,1.312337,1.312464,1.312378,1.311663,1.311522,1.312152,1.312829,1.309895,1.309448,1.311136,1.313124,0.000183,15.270062,43.824701,50.861659,-0.001524,0.013953,0.787305,1.314036,1.310762,1.312399
244,2012-10-17 18:15,1.31244,1.31252,1.31212,1.31238,891,-4.6e-05,0.004489,1.312402,1.312375,1.312351,1.312367,1.312448,1.312341,1.31246,1.312306,1.311732,1.311556,1.312181,1.312788,1.30997,1.309506,1.311185,1.31314,0.000167,-1.729346,41.035857,49.62132,-0.10124,0.012747,0.728091,1.314059,1.310784,1.312422
245,2012-10-17 18:30,1.31238,1.31252,1.31201,1.31251,918,9.9e-05,0.005556,1.312352,1.312413,1.312382,1.31249,1.312502,1.312358,1.312466,1.312288,1.311808,1.311593,1.312211,1.312752,1.310046,1.309565,1.311236,1.313154,0.000163,-0.883096,40.528634,52.123209,-0.053304,0.012448,0.67452,1.314116,1.310841,1.312479
246,2012-10-17 18:45,1.31251,1.31258,1.31218,1.31253,885,1.5e-05,0.00452,1.312355,1.312447,1.312433,1.312553,1.312498,1.312374,1.312469,1.312307,1.31186,1.31163,1.312239,1.312722,1.310124,1.309624,1.311285,1.313166,0.00016,12.940249,35.748792,52.541587,-0.004571,0.012193,0.623723,1.314124,1.310849,1.312486
247,2012-10-17 19:00,1.31252,1.31302,1.31239,1.31283,1210,0.000236,0.005207,1.31249,1.312556,1.312569,1.312711,1.312497,1.312417,1.3125,1.312379,1.311897,1.311677,1.312277,1.312707,1.310207,1.309688,1.311339,1.313178,0.000179,66.038366,50.241546,58.776471,0.03124,0.013677,0.578818,1.314113,1.310838,1.312476
248,2012-10-17 19:15,1.31283,1.31302,1.31249,1.31265,774,-0.000137,0.006848,1.312558,1.312583,1.312615,1.312772,1.312508,1.31244,1.312515,1.312459,1.311936,1.311715,1.312307,1.312702,1.310289,1.309746,1.311387,1.31319,0.000178,54.579225,52.760736,53.876292,0.003809,0.013591,0.532885,1.314127,1.310852,1.31249
249,2012-10-17 19:30,1.31263,1.31263,1.31216,1.3123,1011,-0.000251,0.004649,1.312533,1.312502,1.312541,1.312568,1.312509,1.312426,1.312495,1.312491,1.311949,1.311738,1.312321,1.312691,1.310364,1.309797,1.311427,1.313198,0.000148,-10.743039,31.288344,45.386803,0.032778,0.011241,0.478631,1.314131,1.310856,1.312493
250,2012-10-17 19:45,1.31228,1.31237,1.31212,1.31219,1027,-6.9e-05,0.002434,1.312502,1.312413,1.312443,1.312266,1.312513,1.312404,1.312465,1.312478,1.311973,1.311756,1.312331,1.312671,1.310443,1.309844,1.311463,1.3132,0.000113,-32.928315,32.520325,42.933491,-0.047227,0.008603,0.423677,1.314132,1.310857,1.312494
251,2012-10-17 20:00,1.31219,1.31251,1.31205,1.31229,646,7.6e-05,0.007121,1.312465,1.312378,1.312382,1.312144,1.312529,1.312393,1.312444,1.312448,1.312026,1.311777,1.312343,1.312644,1.310523,1.309893,1.311499,1.3132,9.2e-05,-22.041475,40.650407,45.995512,-0.016762,0.007046,0.372517,1.314154,1.310879,1.312516
252,2012-10-17 20:15,1.31229,1.31232,1.3121,1.3121,713,-0.000145,0.003086,1.312393,1.312298,1.312278,1.312097,1.312511,1.312365,1.312403,1.312392,1.312071,1.311789,1.312346,1.312607,1.310598,1.309936,1.311531,1.313194,6e-05,-40.237688,22.033898,41.154406,0.006097,0.00459,0.321807,1.314153,1.310878,1.312516
253,2012-10-17 20:30,1.31212,1.31214,1.31175,1.31195,868,-0.00013,0.004493,1.312247,1.312199,1.312151,1.312001,1.312422,1.312325,1.312349,1.312309,1.312088,1.311796,1.312341,1.312557,1.310668,1.309976,1.311557,1.313182,2.2e-05,-81.127439,15.748031,37.553852,-0.0221,0.001703,0.268211,1.314093,1.310818,1.312456
254,2012-10-17 20:45,1.31195,1.31207,1.31177,1.31185,736,-7.6e-05,0.004076,1.312113,1.312099,1.312038,1.311862,1.312354,1.31228,1.312295,1.312201,1.312105,1.311798,1.312332,1.312495,1.310737,1.310013,1.311581,1.313163,-1.6e-05,-100.980165,7.874016,35.185873,-0.045716,-0.001187,0.21046,1.31402,1.310745,1.312383
255,2012-10-17 21:00,1.31192,1.31196,1.31179,1.31182,424,-7.6e-05,0.004009,1.312033,1.312019,1.311954,1.31177,1.312316,1.312236,1.312244,1.312076,1.312133,1.311799,1.312321,1.312425,1.3108,1.310049,1.311602,1.313137,-4.8e-05,-99.550861,5.511811,34.434279,-0.042671,-0.00362,0.149442,1.313971,1.310697,1.312334
256,2012-10-17 21:15,1.31182,1.31194,1.3116,1.31172,615,-7.6e-05,0.005528,1.311955,1.311934,1.311865,1.311707,1.312281,1.312187,1.312187,1.311943,1.312174,1.311795,1.312305,1.312348,1.310861,1.310082,1.31162,1.313105,-8e-05,-108.158254,8.450704,31.820055,-0.06019,-0.006093,0.086491,1.313923,1.310648,1.312286
257,2012-10-17 21:30,1.31171,1.31177,1.31135,1.31163,647,-6.1e-05,0.006491,1.311845,1.311847,1.311772,1.311636,1.312232,1.312134,1.312125,1.311808,1.312207,1.311789,1.312283,1.312265,1.310924,1.310113,1.311636,1.313066,-0.000112,-118.464795,16.766467,29.494715,-0.06857,-0.008509,0.022869,1.31388,1.310605,1.312243
258,2012-10-17 21:45,1.31163,1.31165,1.31147,1.31149,385,-0.000107,0.004675,1.311743,1.311745,1.31167,1.311523,1.312214,1.312073,1.312054,1.311675,1.312229,1.311777,1.312255,1.312173,1.310986,1.31014,1.311647,1.313021,-0.000146,-103.991525,8.383234,26.074629,-0.10207,-0.011155,-0.039386,1.313852,1.310577,1.312214
259,2012-10-17 22:00,1.31149,1.31176,1.31139,1.31158,849,6.9e-05,0.004358,1.311682,1.311698,1.311624,1.311488,1.312152,1.312026,1.311994,1.311567,1.312229,1.31177,1.31223,1.312082,1.311037,1.310169,1.311659,1.31297,-0.000165,-82.828823,13.772455,31.929461,-0.081514,-0.012555,-0.100129,1.313804,1.310529,1.312166
260,2012-10-17 22:15,1.31159,1.3117,1.3113,1.31135,761,-0.000183,0.005256,1.311598,1.311598,1.311529,1.311412,1.312094,1.311961,1.311918,1.311462,1.312231,1.311753,1.312195,1.311989,1.31106,1.310192,1.311665,1.312913,-0.000196,-91.23468,2.906977,25.884495,-0.072392,-0.014907,-0.163806,1.313746,1.310471,1.312109
261,2012-10-17 22:30,1.31137,1.31146,1.31087,1.31092,519,-0.000343,0.011368,1.311448,1.311405,1.311335,1.311131,1.312039,1.311862,1.311806,1.311322,1.312223,1.31172,1.312144,1.311883,1.311073,1.310206,1.311662,1.312847,-0.000252,-120.547137,2.325581,18.378591,-0.096785,-0.019196,-0.230585,1.313689,1.310414,1.312052
262,2012-10-17 22:45,1.31094,1.31134,1.31087,1.31121,742,0.000206,0.006334,1.311363,1.311349,1.311267,1.311008,1.311988,1.3118,1.311727,1.311202,1.312208,1.3117,1.312104,1.311778,1.311087,1.310226,1.311665,1.312776,-0.00027,-93.008968,19.318182,33.405767,-0.082299,-0.020573,-0.30114,1.313633,1.310358,1.311996
263,2012-10-17 23:00,1.31124,1.31126,1.31091,1.31112,615,-9.2e-05,0.005691,1.311278,1.311284,1.311198,1.311026,1.311921,1.311735,1.311644,1.311098,1.312186,1.311678,1.312061,1.311673,1.311113,1.310244,1.311665,1.3127,-0.000288,-84.975159,15.243902,31.339628,-0.074689,-0.021966,-0.369914,1.313565,1.31029,1.311928
264,2012-10-17 23:15,1.31112,1.31122,1.31086,1.3109,571,-0.000168,0.006305,1.31118,1.311174,1.31109,1.310986,1.311847,1.311656,1.311547,1.310996,1.312173,1.311647,1.312011,1.311563,1.311135,1.310257,1.311661,1.312619,-0.000317,-84.028196,2.424242,26.684558,-0.080034,-0.024145,-0.436051,1.313498,1.310223,1.31186
265,2012-10-17 23:30,1.31091,1.31106,1.31083,1.31098,503,5.3e-05,0.004573,1.31108,1.311119,1.311032,1.310934,1.311771,1.311591,1.311465,1.310917,1.312147,1.311621,1.311964,1.311455,1.311154,1.310271,1.311658,1.312535,-0.000329,-76.864529,10.067114,30.985727,-0.066319,-0.025091,-0.502433,1.313428,1.310153,1.311791
266,2012-10-17 23:45,1.31097,1.31127,1.31093,1.3112,260,0.000175,0.013077,1.311055,1.311142,1.311067,1.311031,1.311704,1.311554,1.31141,1.310878,1.312125,1.311604,1.311927,1.311357,1.311168,1.31029,1.311659,1.312451,-0.000318,-51.053226,28.244275,41.816753,-0.047263,-0.024208,-0.567672,1.313363,1.310088,1.311726
267,2012-10-18 00:00,1.3112,1.31159,1.31099,1.31142,908,0.000168,0.006608,1.311138,1.311221,1.311171,1.311279,1.311634,1.311541,1.311383,1.310898,1.312111,1.311597,1.311899,1.311275,1.311189,1.310312,1.311664,1.312371,-0.000287,-27.170973,47.580645,50.737392,-0.022871,-0.021902,-0.626813,1.313293,1.310018,1.311655
268,2012-10-18 00:15,1.3114,1.3114,1.31061,1.3107,715,-0.000534,0.011049,1.311053,1.311072,1.311046,1.311126,1.311536,1.311461,1.311294,1.310885,1.31209,1.311562,1.311844,1.311187,1.311177,1.31032,1.311654,1.312286,-0.000318,-80.72406,6.666667,32.13323,-0.070904,-0.024226,-0.686781,1.313202,1.309927,1.311564
269,2012-10-18 00:30,1.31073,1.31076,1.31013,1.31054,1052,-0.000145,0.005989,1.310957,1.31092,1.310899,1.310721,1.311448,1.311374,1.311199,1.310827,1.312062,1.311522,1.311783,1.311092,1.311168,1.310324,1.311642,1.312197,-0.000351,-121.751099,22.651934,29.371719,-0.072437,-0.026744,-0.748077,1.313107,1.309833,1.31147
270,2012-10-18 00:45,1.31056,1.31065,1.31033,1.3105,734,-4.6e-05,0.00436,1.31089,1.3108,1.310769,1.31041,1.311364,1.31129,1.311109,1.310738,1.312006,1.311482,1.311722,1.31099,1.311167,1.310328,1.311629,1.312104,-0.000376,-105.588544,22.560976,28.661202,-0.082343,-0.028656,-0.802381,1.313021,1.309746,1.311383
271,2012-10-18 01:00,1.31051,1.31063,1.31006,1.31052,943,8e-06,0.006045,1.310813,1.31072,1.310663,1.310355,1.311275,1.311217,1.311029,1.310642,1.31196,1.311444,1.311664,1.310887,1.311172,1.310331,1.311616,1.312009,-0.00039,-106.444271,27.058824,29.643107,-0.063294,-0.029706,-0.846566,1.312927,1.309652,1.311289
272,2012-10-18 01:15,1.31053,1.31091,1.31033,1.31078,851,0.000191,0.006816,1.310743,1.310737,1.310653,1.31055,1.311209,1.311175,1.310982,1.310587,1.31192,1.311418,1.311617,1.310791,1.311178,1.31034,1.311608,1.311915,-0.000375,-67.98038,42.352941,41.683181,-0.01068,-0.028609,-0.883893,1.312852,1.309577,1.311214
273,2012-10-18 01:30,1.31078,1.31109,1.31052,1.31054,734,-0.000183,0.007766,1.310597,1.310681,1.310595,1.310639,1.311138,1.311115,1.310918,1.310539,1.311896,1.311384,1.311563,1.310697,1.311188,1.310344,1.311595,1.31182,-0.000379,-58.551422,29.268293,35.256992,-0.051098,-0.028883,-0.918114,1.31279,1.309515,1.311153
274,2012-10-18 01:45,1.31054,1.31091,1.31042,1.3107,991,0.000122,0.004945,1.310597,1.310686,1.310625,1.310676,1.311081,1.311075,1.310876,1.310516,1.311875,1.311357,1.311516,1.310613,1.3112,1.310351,1.311586,1.311727,-0.000364,-61.313445,41.830065,42.120895,-0.032034,-0.027796,-0.946186,1.312729,1.309454,1.311092
275,2012-10-18 02:00,1.3107,1.31151,1.31065,1.3107,1253,0.0,0.006864,1.310623,1.31069,1.310654,1.310693,1.311025,1.31104,1.31084,1.310508,1.311861,1.311331,1.31147,1.310543,1.311205,1.310358,1.311576,1.311635,-0.000349,-19.056396,41.830065,42.120895,-0.015257,-0.026627,-0.969636,1.312684,1.309409,1.311047
276,2012-10-18 02:15,1.31068,1.31121,1.3104,1.31089,1235,0.00016,0.006559,1.310688,1.310747,1.31073,1.310804,1.310984,1.311025,1.310827,1.310528,1.311827,1.311314,1.311432,1.31049,1.311212,1.310369,1.311569,1.311547,-0.000318,-38.613283,54.248366,50.429547,-0.006865,-0.024251,-0.98774,1.312638,1.309363,1.311001
277,2012-10-18 02:30,1.31087,1.3109,1.31052,1.31072,850,-0.000114,0.004471,1.310722,1.31074,1.31074,1.310825,1.310938,1.310996,1.310802,1.310556,1.311784,1.311291,1.311389,1.310449,1.311215,1.310376,1.31156,1.311461,-0.000304,-58.17236,43.137255,43.920476,-0.036608,-0.023149,-0.996605,1.312595,1.30932,1.310957
278,2012-10-18 02:45,1.31072,1.31106,1.31051,1.31102,479,0.000229,0.011482,1.310762,1.31082,1.310825,1.310917,1.310914,1.310999,1.31081,1.310624,1.311756,1.31128,1.311359,1.310425,1.311229,1.310388,1.311556,1.311382,-0.000265,-28.67543,62.745098,55.591742,-0.030501,-0.020195,-0.989664,1.312561,1.309286,1.310924
279,2012-10-18 03:00,1.31103,1.31107,1.3105,1.31074,536,-0.000221,0.010634,1.310795,1.310797,1.310819,1.310885,1.310872,1.310974,1.310793,1.310686,1.311725,1.311259,1.311319,1.310408,1.311239,1.310395,1.311546,1.311306,-0.000254,-49.802811,44.444444,45.413298,0.003052,-0.019355,-0.972791,1.312521,1.309246,1.310883
280,2012-10-18 03:15,1.31074,1.31085,1.31011,1.31016,530,-0.000442,0.013962,1.310705,1.310615,1.310637,1.310518,1.310813,1.310896,1.310725,1.31067,1.311686,1.311216,1.311258,1.310381,1.311242,1.310391,1.311525,1.311227,-0.000288,-136.835527,6.535948,31.589404,-0.028996,-0.022006,-0.954279,1.312467,1.309192,1.310829
281,2012-10-18 03:30,1.31016,1.31044,1.30937,1.30945,1051,-0.000542,0.010181,1.310497,1.310282,1.310279,1.309802,1.31074,1.310759,1.310595,1.310523,1.311636,1.311146,1.31117,1.310325,1.311239,1.310372,1.311489,1.311137,-0.000369,-199.980889,3.738318,22.091148,-0.080122,-0.028154,-0.940814,1.3124,1.309125,1.310763
282,2012-10-18 03:45,1.30942,1.30954,1.30885,1.30886,1056,-0.000428,0.006534,1.310158,1.309876,1.309811,1.308999,1.310622,1.310578,1.310416,1.310228,1.311563,1.311057,1.311061,1.310228,1.311237,1.310342,1.311442,1.311032,-0.000475,-206.654648,0.37594,17.147524,-0.126667,-0.036243,-0.937211,1.312297,1.309023,1.31066
283,2012-10-18 04:00,1.30886,1.30934,1.30884,1.30896,1228,7.6e-05,0.004072,1.309865,1.309614,1.309469,1.308611,1.310514,1.310424,1.310258,1.309875,1.311468,1.310975,1.310959,1.310105,1.311234,1.310315,1.311397,1.310916,-0.000545,-158.544323,4.494382,20.621493,-0.138849,-0.04156,-0.939044,1.312195,1.30892,1.310558
284,2012-10-18 04:15,1.30893,1.30942,1.30879,1.30942,718,0.000374,0.008774,1.309598,1.309559,1.309341,1.308853,1.31044,1.310328,1.310154,1.309573,1.311393,1.310914,1.310879,1.309975,1.311232,1.310297,1.311361,1.310795,-0.000556,-115.725129,23.161765,35.071324,-0.085461,-0.042453,-0.94521,1.312106,1.308831,1.310468
285,2012-10-18 04:30,1.30941,1.30982,1.30934,1.30968,644,0.000206,0.007453,1.309422,1.309593,1.309365,1.30939,1.310375,1.310266,1.310082,1.30937,1.311334,1.310865,1.310812,1.309853,1.311235,1.310285,1.31133,1.310674,-0.000538,-66.743454,32.720588,41.96163,-0.077821,-0.041086,-0.957753,1.312039,1.308764,1.310401
286,2012-10-18 04:45,1.30967,1.30978,1.30941,1.30977,607,7.6e-05,0.006096,1.309357,1.309644,1.309464,1.309793,1.310304,1.310219,1.310024,1.309265,1.311281,1.310822,1.31075,1.309746,1.31124,1.310275,1.311301,1.310555,-0.000511,-57.138031,36.029412,44.321596,-0.070954,-0.038998,-0.977198,1.311965,1.30869,1.310327
287,2012-10-18 05:00,1.30975,1.30975,1.30899,1.30925,982,-0.000382,0.007739,1.309323,1.309531,1.309434,1.30967,1.310195,1.310127,1.309924,1.309173,1.311214,1.310761,1.310671,1.309642,1.311243,1.310254,1.311262,1.310435,-0.000525,-81.362419,16.911765,34.86921,-0.125106,-0.040086,-1.01046,1.311864,1.30859,1.310227
288,2012-10-18 05:15,1.30924,1.30978,1.30923,1.30959,1129,0.000267,0.004872,1.309445,1.309548,1.30951,1.309521,1.31014,1.310076,1.309866,1.309125,1.311169,1.310715,1.310607,1.309554,1.311253,1.310241,1.311229,1.310319,-0.000503,-55.596466,29.411765,43.896179,-0.086212,-0.03841,-1.054358,1.311796,1.308521,1.310158
289,2012-10-18 05:30,1.30965,1.31139,1.30957,1.31053,1723,0.000672,0.010563,1.309707,1.309829,1.30982,1.309959,1.310139,1.310119,1.309903,1.309221,1.311123,1.310707,1.310582,1.309508,1.31127,1.310247,1.311215,1.310217,-0.000405,36.462795,66.923077,61.096626,-0.037375,-0.030935,-1.095578,1.311797,1.308522,1.31016
290,2012-10-18 05:45,1.31053,1.31103,1.31033,1.3107,996,0.00013,0.007028,1.30992,1.310078,1.310104,1.310604,1.310149,1.310174,1.309957,1.309445,1.311087,1.310707,1.310565,1.3095,1.311288,1.310256,1.311204,1.310132,-0.00031,49.618736,73.461538,63.435849,-0.003052,-0.023691,-1.122682,1.311807,1.308532,1.310169
291,2012-10-18 06:00,1.31072,1.31104,1.31034,1.31099,1010,0.000206,0.006931,1.310138,1.310338,1.31041,1.311087,1.310172,1.310252,1.310037,1.309781,1.311066,1.310718,1.310561,1.309528,1.311307,1.31027,1.311198,1.310066,-0.000209,53.129068,84.615385,67.305376,0.063351,-0.01598,-1.122377,1.311826,1.308551,1.310189
292,2012-10-18 06:15,1.31099,1.31163,1.31072,1.31141,1491,0.00032,0.006103,1.310412,1.310644,1.310773,1.311428,1.310204,1.310362,1.310155,1.310199,1.31105,1.310745,1.310575,1.309598,1.311326,1.310293,1.3112,1.310021,-9.4e-05,84.596731,92.253521,72.218495,0.149681,-0.0072,-1.096361,1.311855,1.30858,1.310218
293,2012-10-18 06:30,1.31141,1.31193,1.31112,1.31138,1956,-2.3e-05,0.004141,1.310767,1.310855,1.31105,1.311577,1.310246,1.310459,1.310267,1.310613,1.311028,1.31077,1.310588,1.309701,1.311346,1.310315,1.311201,1.309994,-6e-06,89.47703,82.484076,71.335001,0.192534,-0.000422,-1.049133,1.311893,1.308618,1.310256
294,2012-10-18 06:45,1.31138,1.31182,1.3105,1.3106,1834,-0.000595,0.007197,1.310935,1.310782,1.311002,1.311192,1.310241,1.310473,1.3103,1.310898,1.310993,1.310764,1.310571,1.309804,1.311362,1.31032,1.311186,1.309974,2e-06,40.820551,57.643312,52.183284,0.12529,0.000145,-0.987234,1.311908,1.308633,1.31027
295,2012-10-18 07:00,1.31061,1.31102,1.31012,1.31042,2781,-0.000145,0.003236,1.310917,1.310678,1.310855,1.310613,1.310227,1.310468,1.310317,1.311045,1.310951,1.31075,1.310549,1.309897,1.31138,1.310322,1.311168,1.309957,-7e-06,1.880275,51.910828,48.701714,0.07637,-0.000508,-0.910813,1.311886,1.308611,1.310249
296,2012-10-18 07:15,1.31042,1.31049,1.30822,1.30886,4300,-0.00119,0.005279,1.31061,1.310159,1.310267,1.309524,1.310126,1.310315,1.310187,1.310917,1.310878,1.310676,1.310467,1.309931,1.311369,1.310293,1.311118,1.309926,-0.000138,-100.271537,17.250674,29.212013,-0.062611,-0.010511,-0.826495,1.311804,1.308529,1.310166
297,2012-10-18 07:30,1.30888,1.30928,1.30835,1.30923,3433,0.000267,0.002709,1.310317,1.309894,1.309873,1.308849,1.310051,1.310211,1.310102,1.310656,1.310806,1.310619,1.310402,1.309925,1.311351,1.310272,1.311075,1.309886,-0.000209,-104.436791,27.22372,36.199341,-0.041229,-0.015977,-0.730742,1.311716,1.308441,1.310078
298,2012-10-18 07:45,1.30926,1.30961,1.30878,1.30905,2904,-0.00016,0.002858,1.309923,1.309653,1.309511,1.308676,1.309952,1.310101,1.310007,1.310312,1.310734,1.310558,1.310333,1.309883,1.311335,1.310248,1.31103,1.309835,-0.000277,-79.948506,22.371968,34.298917,-0.015276,-0.021174,-0.636828,1.31163,1.308355,1.309993
299,2012-10-18 08:00,1.30903,1.30975,1.30862,1.30932,2239,0.000222,0.005047,1.30958,1.309558,1.309339,1.308943,1.309882,1.310026,1.309946,1.309964,1.310674,1.310509,1.310278,1.309821,1.311312,1.31023,1.31099,1.309778,-0.000306,-66.598084,29.649596,39.771486,-0.020617,-0.023361,-0.55301,1.311553,1.308278,1.309916
300,2012-10-18 08:15,1.30931,1.30953,1.30851,1.30925,2506,-4.6e-05,0.00407,1.309355,1.30947,1.309244,1.309188,1.309836,1.309952,1.309886,1.30965,1.310615,1.31046,1.310222,1.309746,1.311294,1.31021,1.310949,1.309715,-0.000331,-69.051508,27.762803,38.804581,-0.09767,-0.025235,-0.48714,1.311489,1.308214,1.309852
301,2012-10-18 08:30,1.30926,1.31063,1.30926,1.31042,3452,0.000886,0.003969,1.309355,1.309741,1.309549,1.309842,1.309885,1.309997,1.309942,1.309497,1.310578,1.310458,1.310214,1.309703,1.311302,1.310214,1.310932,1.309661,-0.000253,10.543659,59.299191,58.338297,-0.021363,-0.01929,-0.435817,1.311507,1.308232,1.309869
302,2012-10-18 08:45,1.31036,1.31106,1.30931,1.31024,3477,-9.2e-05,0.005033,1.309585,1.309884,1.309801,1.310361,1.309954,1.31002,1.309976,1.309456,1.310541,1.31045,1.310201,1.309686,1.311306,1.310215,1.310911,1.309613,-0.000203,17.15627,54.447439,55.20993,-0.057209,-0.015508,-0.399208,1.311563,1.308288,1.309925
303,2012-10-18 09:00,1.3102,1.31096,1.31007,1.31076,2578,0.000427,0.003452,1.30984,1.310134,1.310137,1.310771,1.310044,1.310091,1.310052,1.309558,1.310517,1.310462,1.31021,1.30971,1.311302,1.310226,1.3109,1.309578,-0.000121,45.447149,68.463612,62.002017,-0.049565,-0.009202,-0.369079,1.31164,1.308365,1.310003
304,2012-10-18 09:15,1.31077,1.31246,1.31077,1.31218,3051,0.001076,0.005539,1.310362,1.310719,1.310806,1.311615,1.310182,1.31029,1.310256,1.309912,1.310523,1.310529,1.310275,1.309806,1.311314,1.310264,1.310917,1.309573,5.9e-05,121.211491,93.396226,74.287624,0.061004,0.004488,-0.335023,1.31177,1.308495,1.310132
305,2012-10-18 09:30,1.3122,1.31285,1.31167,1.31178,3465,-0.00032,0.003405,1.310772,1.311022,1.311211,1.312171,1.310286,1.310431,1.310408,1.310366,1.310523,1.310578,1.310324,1.309949,1.311328,1.310294,1.310926,1.309589,0.000167,117.487678,76.889849,67.223229,0.090035,0.012726,-0.292378,1.311894,1.308619,1.310257
306,2012-10-18 09:45,1.31178,1.31216,1.31051,1.31094,2545,-0.00064,0.006483,1.311053,1.310998,1.311259,1.311821,1.310345,1.31048,1.31047,1.310769,1.310507,1.310592,1.31034,1.310098,1.311341,1.310307,1.310919,1.309617,0.000182,49.748681,58.7473,54.634245,0.039682,0.013921,-0.245352,1.311972,1.308697,1.310334
307,2012-10-18 10:00,1.31093,1.31142,1.31056,1.31114,2638,0.00016,0.00326,1.311173,1.311039,1.311284,1.311249,1.31044,1.310543,1.310546,1.311097,1.310497,1.310614,1.310365,1.310252,1.311352,1.310324,1.310915,1.309655,0.000209,35.580481,63.066955,56.854026,0.174197,0.015916,-0.191251,1.312057,1.308782,1.31042
308,2012-10-18 10:15,1.31117,1.31161,1.31108,1.31127,1716,7.6e-05,0.003089,1.311345,1.311105,1.311311,1.311047,1.310524,1.310612,1.310625,1.311342,1.310493,1.31064,1.310396,1.310404,1.311361,1.310342,1.310913,1.309703,0.000237,49.98705,65.87473,58.381351,0.155817,0.018089,-0.124916,1.312147,1.308872,1.310509
309,2012-10-18 10:30,1.31127,1.31149,1.31085,1.31111,2058,-0.000122,0.00311,1.311403,1.311106,1.311244,1.311072,1.310552,1.310659,1.310681,1.311503,1.310483,1.310658,1.31042,1.310543,1.311356,1.310358,1.310908,1.309756,0.000244,34.117766,62.419006,55.586952,0.157366,0.018611,-0.045539,1.312179,1.308904,1.310542
310,2012-10-18 10:45,1.31111,1.31126,1.31082,1.31093,1920,-0.000137,0.002292,1.311195,1.311056,1.311109,1.31102,1.310564,1.310685,1.310717,1.311578,1.310475,1.310669,1.310437,1.310659,1.311353,1.310369,1.3109,1.309811,0.000232,21.601251,57.333333,52.335262,0.122965,0.017713,0.039902,1.312195,1.30892,1.310558
311,2012-10-18 11:00,1.31094,1.311,1.30985,1.31043,2762,-0.000389,0.004164,1.31097,1.310877,1.31089,1.310681,1.310536,1.310661,1.310704,1.311517,1.310465,1.310659,1.310435,1.310738,1.311344,1.31037,1.310881,1.30986,0.00018,-16.278273,44.239631,44.072114,0.090128,0.013764,0.126443,1.312177,1.308902,1.31054
312,2012-10-18 11:15,1.31041,1.31056,1.30932,1.31013,2511,-0.000214,0.004938,1.310835,1.310664,1.31065,1.310227,1.310472,1.31061,1.310666,1.31133,1.310444,1.310639,1.310422,1.310781,1.311326,1.310365,1.310857,1.309899,0.000114,-41.391389,37.327189,39.72939,-0.02213,0.008688,0.20959,1.312114,1.30884,1.310477
313,2012-10-18 11:30,1.31014,1.31073,1.30992,1.31015,2172,8e-06,0.003729,1.31067,1.310517,1.310455,1.309976,1.310411,1.310567,1.310635,1.31107,1.310424,1.310619,1.310411,1.310795,1.311305,1.310361,1.310834,1.309929,6.2e-05,-21.581622,37.788018,40.18279,-0.006869,0.004733,0.278075,1.312054,1.308779,1.310416
314,2012-10-18 11:45,1.31016,1.31087,1.30984,1.31056,2183,0.000305,0.004718,1.310552,1.310529,1.310423,1.310162,1.310408,1.310566,1.310649,1.310825,1.310417,1.310617,1.310416,1.310796,1.311295,1.310365,1.310819,1.309955,5.3e-05,-9.498369,36.211699,49.218862,-0.015258,0.004076,0.331962,1.312026,1.308752,1.310389
315,2012-10-18 12:00,1.31056,1.31173,1.31043,1.3116,2856,0.000794,0.004552,1.310633,1.310835,1.310723,1.31096,1.310468,1.310664,1.310763,1.310746,1.31043,1.310656,1.310463,1.310821,1.311288,1.31039,1.310825,1.309991,0.000129,44.607718,64.689266,64.787431,-0.044201,0.009845,0.382451,1.312063,1.308788,1.310426
316,2012-10-18 12:15,1.31161,1.31164,1.31056,1.31085,2132,-0.000579,0.005066,1.31062,1.310839,1.310785,1.311313,1.310567,1.310682,1.310799,1.310717,1.310423,1.310663,1.310479,1.310845,1.311274,1.310399,1.310817,1.310026,0.000127,26.306363,43.342776,51.619057,-0.070896,0.009688,0.428005,1.312154,1.30888,1.310517
317,2012-10-18 12:30,1.31083,1.31098,1.30955,1.31035,3915,-0.000366,0.003653,1.310607,1.3107,1.310708,1.310934,1.310623,1.31065,1.310778,1.310664,1.310401,1.310651,1.310476,1.310857,1.311256,1.310398,1.310798,1.310058,8.4e-05,-26.565005,29.17847,44.639646,-0.045006,0.006411,0.461513,1.312221,1.308947,1.310584
318,2012-10-18 12:45,1.31035,1.3106,1.30966,1.30987,2324,-0.000366,0.004045,1.310563,1.310463,1.310497,1.310174,1.310664,1.310576,1.310707,1.310532,1.310385,1.31062,1.310455,1.310848,1.311238,1.310387,1.310771,1.31008,1.1e-05,-45.449368,15.580737,38.824813,-0.096862,0.000849,0.47444,1.312266,1.308991,1.310629
319,2012-10-18 13:00,1.30986,1.30986,1.30911,1.30932,2750,-0.000412,0.002727,1.310425,1.310136,1.310142,1.309435,1.310664,1.310456,1.310579,1.310292,1.31036,1.310569,1.310414,1.310807,1.311211,1.310366,1.310733,1.31009,-9e-05,-91.230474,6.885246,33.120731,-0.148711,-0.006867,0.459986,1.312276,1.309001,1.310639
320,2012-10-18 13:15,1.30932,1.31032,1.3093,1.30993,2535,0.000466,0.004024,1.31032,1.310077,1.31,1.309358,1.310698,1.310406,1.310509,1.310084,1.310349,1.310544,1.310397,1.310758,1.311178,1.310357,1.310708,1.310095,-0.00012,-53.534515,31.29771,43.705008,-0.09,-0.009121,0.430022,1.312314,1.309039,1.310676
321,2012-10-18 13:30,1.30995,1.31076,1.3096,1.31026,2725,0.000237,0.004257,1.310097,1.310129,1.309983,1.309813,1.31069,1.310392,1.310467,1.309968,1.310344,1.310533,1.310393,1.310709,1.311152,1.310356,1.31069,1.3101,-0.000115,-17.265531,43.89313,48.766258,-0.051109,-0.008774,0.395228,1.312319,1.309044,1.310682
322,2012-10-18 13:45,1.31031,1.3106,1.3098,1.31037,2809,4.6e-05,0.002848,1.310017,1.310198,1.310061,1.310307,1.310696,1.31039,1.310437,1.309941,1.310336,1.310527,1.310394,1.310664,1.311128,1.310356,1.310674,1.310106,-0.000101,-11.240847,48.091603,50.478665,-0.004579,-0.007733,0.3578,1.312322,1.309047,1.310684
323,2012-10-18 14:00,1.31031,1.31112,1.30895,1.30942,4647,-0.000679,0.00467,1.309862,1.309976,1.309891,1.310061,1.31063,1.310298,1.310315,1.309868,1.310313,1.310483,1.310358,1.310598,1.311104,1.310337,1.31064,1.310103,-0.000165,-46.138216,16.906475,37.866603,-0.054193,-0.012612,0.311278,1.312283,1.309009,1.310646
324,2012-10-18 14:15,1.30943,1.30954,1.3079,1.30842,4684,-0.000771,0.003501,1.30962,1.309531,1.309479,1.309073,1.310442,1.310119,1.310105,1.309636,1.310268,1.310402,1.310284,1.310486,1.311072,1.310299,1.310587,1.310081,-0.000293,-130.201361,13.577023,29.050819,-0.132046,-0.022382,0.233435,1.312124,1.308849,1.310487
325,2012-10-18 14:30,1.30842,1.30908,1.30834,1.30891,3644,0.000374,0.002031,1.309552,1.309354,1.309276,1.308484,1.310298,1.310004,1.309959,1.309357,1.310232,1.310344,1.310231,1.310351,1.311046,1.310272,1.310544,1.310048,-0.000351,-106.849815,26.370757,37.303447,-0.1259,-0.026798,0.129045,1.311958,1.308683,1.310321
326,2012-10-18 14:45,1.30892,1.30925,1.30866,1.30912,3246,0.000153,0.001818,1.309417,1.309287,1.309153,1.308605,1.310207,1.30992,1.309847,1.309116,1.310196,1.310296,1.310187,1.310204,1.311012,1.310249,1.310506,1.31001,-0.000376,-76.353595,31.853786,40.713579,-0.189082,-0.028675,0.009125,1.311848,1.308574,1.310211
327,2012-10-18 15:00,1.30915,1.30978,1.30905,1.30974,3056,0.000451,0.002389,1.30933,1.309416,1.309245,1.309268,1.310137,1.309903,1.309802,1.309019,1.310177,1.310274,1.310169,1.310065,1.31098,1.310239,1.310481,1.309975,-0.000341,-30.944709,48.041775,49.981431,-0.084678,-0.026042,-0.108548,1.311773,1.308498,1.310135
328,2012-10-18 15:15,1.30974,1.31041,1.30954,1.30984,2423,7.6e-05,0.003591,1.309242,1.309537,1.309391,1.309837,1.310065,1.309897,1.309774,1.309052,1.310153,1.310257,1.310156,1.309938,1.310955,1.310231,1.310458,1.309944,-0.000302,3.165505,50.652742,51.395456,-0.038921,-0.023073,-0.211532,1.311703,1.308428,1.310066
329,2012-10-18 15:30,1.30982,1.31018,1.30953,1.3099,1940,6.1e-05,0.003351,1.309322,1.309641,1.309579,1.310079,1.310005,1.309897,1.309758,1.30916,1.310136,1.310243,1.310146,1.309828,1.310931,1.310224,1.310437,1.309918,-0.000264,-2.140804,53.475936,52.328461,0.00229,-0.020119,-0.303622,1.311639,1.308364,1.310002
330,2012-10-18 15:45,1.30992,1.31121,1.30992,1.31081,2224,0.000679,0.0058,1.30972,1.309975,1.310004,1.3105,1.309999,1.309984,1.309835,1.309389,1.310149,1.310265,1.310173,1.309766,1.310918,1.310236,1.310435,1.309907,-0.000158,67.41699,87.915408,64.315766,0.1138,-0.012033,-0.39009,1.311621,1.308346,1.309984
331,2012-10-18 16:00,1.3108,1.31156,1.31062,1.31084,2216,3.1e-05,0.004242,1.310042,1.310222,1.310324,1.31091,1.31002,1.310065,1.309915,1.309679,1.310177,1.310288,1.3102,1.309749,1.310906,1.310248,1.310434,1.30991,-7e-05,88.987145,80.327869,64.653856,0.069469,-0.005379,-0.47145,1.31165,1.308375,1.310013
332,2012-10-18 16:15,1.31084,1.31105,1.31022,1.31105,1913,0.00016,0.004339,1.310363,1.310459,1.310612,1.311186,1.310065,1.310159,1.310013,1.310022,1.310221,1.310318,1.310234,1.30977,1.310892,1.310264,1.310436,1.309926,1.5e-05,58.913943,86.065574,67.166436,0.060293,0.001174,-0.532615,1.311689,1.308414,1.310051
333,2012-10-18 16:30,1.31104,1.31127,1.31031,1.31032,2327,-0.000549,0.004125,1.31046,1.310419,1.3106,1.310889,1.310074,1.310175,1.310037,1.310306,1.310248,1.310318,1.310238,1.3098,1.310858,1.310265,1.310425,1.309948,2.4e-05,41.102394,66.120219,52.264677,-0.003816,0.00185,-0.559242,1.311707,1.308432,1.31007
334,2012-10-18 16:45,1.31029,1.31079,1.31011,1.31022,1810,-5.3e-05,0.003757,1.310523,1.310362,1.310531,1.310401,1.310057,1.310179,1.310051,1.310507,1.310264,1.310314,1.310237,1.309832,1.310828,1.310264,1.310412,1.309972,2.3e-05,15.934447,63.387978,50.493958,0.061096,0.00175,-0.550532,1.311705,1.30843,1.310067
335,2012-10-18 17:00,1.31022,1.3105,1.30978,1.31012,1341,-7.6e-05,0.005369,1.31056,1.310293,1.310416,1.310055,1.309983,1.310173,1.310057,1.310613,1.310273,1.310306,1.310231,1.30986,1.310804,1.310261,1.310398,1.309995,1.4e-05,-5.676485,60.655738,48.594303,0.129928,0.001042,-0.516532,1.311649,1.308374,1.310011
336,2012-10-18 17:15,1.31012,1.31012,1.30945,1.30985,1553,-0.000206,0.004314,1.3104,1.310166,1.310213,1.309846,1.309933,1.310142,1.310044,1.310608,1.310275,1.310289,1.310214,1.309876,1.310778,1.310253,1.310379,1.310013,-1.5e-05,-36.262049,53.278689,43.496309,0.071815,-0.001168,-0.469401,1.311588,1.308313,1.309951
337,2012-10-18 17:30,1.30984,1.30984,1.30857,1.30864,1335,-0.000916,0.009513,1.310033,1.30973,1.30971,1.309176,1.309848,1.309999,1.309921,1.310399,1.310262,1.310224,1.31015,1.309845,1.310738,1.310221,1.310337,1.310011,-0.000134,-102.914997,20.218579,28.198951,-0.036666,-0.010254,-0.425787,1.311524,1.308249,1.309887
338,2012-10-18 17:45,1.30864,1.30923,1.30818,1.30846,1636,-0.000138,0.006418,1.309602,1.309367,1.309261,1.308451,1.309777,1.309853,1.309789,1.310042,1.31024,1.310155,1.31008,1.309771,1.310704,1.310186,1.310292,1.309991,-0.00024,-118.762827,8.284024,26.593578,-0.097729,-0.018354,-0.384137,1.311453,1.308178,1.309816
339,2012-10-18 18:00,1.30846,1.30921,1.30831,1.30875,1210,0.000222,0.007438,1.30934,1.309191,1.309018,1.308249,1.309748,1.309748,1.309691,1.309645,1.310204,1.3101,1.310021,1.309673,1.310664,1.310158,1.310253,1.309956,-0.000298,-92.019073,16.863905,33.61882,-0.083216,-0.022726,-0.343878,1.31142,1.308145,1.309782
340,2012-10-18 18:15,1.30875,1.30916,1.30657,1.30662,1619,-0.001628,0.015998,1.30874,1.308456,1.30824,1.307439,1.309583,1.30945,1.309393,1.309033,1.310123,1.309963,1.309881,1.309501,1.310605,1.310088,1.310173,1.309886,-0.000509,-154.422737,1.002004,18.562991,-0.250401,-0.03887,-0.332895,1.3113,1.308025,1.309662
341,2012-10-18 18:30,1.30663,1.30705,1.30571,1.30604,2404,-0.000452,0.005574,1.30806,1.307766,1.307469,1.306278,1.309372,1.309125,1.309056,1.308276,1.310024,1.309809,1.309721,1.309259,1.310545,1.310008,1.310083,1.309779,-0.000715,-169.142499,5.641026,16.27322,-0.363897,-0.054617,-0.362429,1.311103,1.307828,1.309465
342,2012-10-18 18:45,1.30599,1.30657,1.3055,1.30648,2888,0.000375,0.003705,1.307498,1.307399,1.307018,1.305764,1.309178,1.308873,1.30878,1.307528,1.309925,1.309679,1.309582,1.30898,1.310487,1.309938,1.310002,1.309648,-0.000833,-135.285709,16.171617,24.432498,-0.332611,-0.063655,-0.434774,1.310899,1.307624,1.309262
343,2012-10-18 19:00,1.3065,1.30664,1.30573,1.30621,1920,-0.000222,0.00474,1.307093,1.307059,1.30665,1.305828,1.309017,1.30862,1.308498,1.306835,1.309822,1.309543,1.309436,1.308673,1.310425,1.309864,1.309918,1.309495,-0.000938,-109.724018,11.716172,22.85548,-0.36917,-0.07166,-0.549302,1.310717,1.307442,1.30908
344,2012-10-18 19:15,1.30616,1.30633,1.30568,1.30602,2079,-0.000107,0.003127,1.306687,1.306762,1.306343,1.305949,1.308897,1.308372,1.308212,1.30625,1.30973,1.309405,1.309287,1.308348,1.310361,1.309788,1.30983,1.309324,-0.001024,-97.216873,8.580858,21.717296,-0.328164,-0.078279,-0.703642,1.310587,1.307312,1.308949
345,2012-10-18 19:30,1.30602,1.30719,1.30588,1.30711,1540,0.000835,0.008506,1.306413,1.306862,1.306464,1.306479,1.308807,1.308252,1.308042,1.305906,1.309664,1.309315,1.309184,1.308048,1.310307,1.309735,1.309766,1.309151,-0.000994,-59.520006,27.902946,41.124984,-0.237365,-0.075925,-0.885352,1.310484,1.307209,1.308847
346,2012-10-18 19:45,1.30711,1.30732,1.30693,1.30725,1216,0.000107,0.003207,1.306518,1.306973,1.306703,1.307106,1.308714,1.308156,1.307894,1.305772,1.309632,1.309234,1.309089,1.30778,1.310255,1.309686,1.309706,1.308981,-0.000947,-37.78517,30.329289,43.211482,-0.219064,-0.072363,-1.082889,1.310392,1.307117,1.308754
347,2012-10-18 20:00,1.3073,1.30732,1.30688,1.30722,818,-6.1e-05,0.005379,1.306715,1.307043,1.306903,1.307445,1.308588,1.308067,1.307752,1.305805,1.309591,1.309155,1.308995,1.30755,1.310198,1.309637,1.309645,1.308816,-0.000902,-34.596341,32.514178,42.83613,-0.200786,-0.06893,-1.291926,1.310273,1.306998,1.308635
348,2012-10-18 20:15,1.3072,1.30732,1.30674,1.30682,466,-0.000291,0.012446,1.306772,1.306979,1.306933,1.307251,1.308436,1.307948,1.307583,1.305906,1.309547,1.309063,1.308886,1.307343,1.31014,1.309581,1.309579,1.308654,-0.000888,-37.099314,26.4,37.786471,-0.139076,-0.067896,-1.51442,1.310124,1.306849,1.308487
349,2012-10-18 20:30,1.30681,1.30684,1.30643,1.30652,637,-0.000222,0.006436,1.306823,1.306848,1.306861,1.30678,1.308268,1.307812,1.307401,1.306001,1.309491,1.308963,1.308767,1.307147,1.310082,1.30952,1.309507,1.308491,-0.000891,-45.214221,22.077922,34.288549,-0.148266,-0.068144,-1.72601,1.309961,1.306686,1.308323
350,2012-10-18 20:45,1.30652,1.30676,1.30643,1.30663,610,8.4e-05,0.00541,1.306925,1.306786,1.306806,1.3065,1.308058,1.3077,1.307245,1.306118,1.309438,1.308872,1.308655,1.306962,1.310027,1.309463,1.309438,1.308333,-0.000875,-41.657632,26.036866,36.765114,-0.161987,-0.066891,-1.908965,1.309759,1.306484,1.308121
351,2012-10-18 21:00,1.30662,1.3068,1.30656,1.30672,128,7.7e-05,0.01875,1.30686,1.306767,1.306748,1.306525,1.307852,1.307606,1.307117,1.306251,1.309364,1.308787,1.308549,1.306789,1.309971,1.309409,1.309373,1.308178,-0.000845,-37.037312,32.707775,38.937714,0.007653,-0.064598,-2.057808,1.309543,1.306268,1.307906
352,2012-10-18 21:15,1.30672,1.30682,1.30643,1.30669,408,-2.3e-05,0.009559,1.306767,1.306745,1.306699,1.306643,1.307634,1.307519,1.307007,1.30638,1.309293,1.308705,1.308444,1.306622,1.309917,1.309355,1.309308,1.308028,-0.000814,-37.945846,32.075472,38.429883,0.049769,-0.062249,-2.173274,1.309337,1.306062,1.307699
353,2012-10-18 21:30,1.30671,1.30687,1.30639,1.30674,326,2.3e-05,0.014724,1.306687,1.306744,1.306691,1.306726,1.307456,1.307445,1.306922,1.306497,1.309213,1.308628,1.308344,1.306467,1.309865,1.309303,1.309245,1.30788,-0.000777,-37.082908,33.879781,39.93634,0.019901,-0.059394,-2.251788,1.309138,1.305863,1.307501
354,2012-10-18 21:45,1.30671,1.30696,1.30661,1.30682,209,8.4e-05,0.016746,1.306687,1.306765,1.30673,1.306792,1.307285,1.307385,1.306861,1.306594,1.309106,1.308557,1.30825,1.306327,1.309815,1.309254,1.309185,1.307738,-0.000732,-31.742524,72.527473,42.532187,0.0467,-0.055993,-2.297595,1.308959,1.305685,1.307322
355,2012-10-18 22:00,1.30681,1.30759,1.30671,1.30741,604,0.000459,0.01457,1.306835,1.30695,1.306936,1.307116,1.30715,1.307388,1.306873,1.306723,1.309018,1.308512,1.308183,1.306221,1.30977,1.309218,1.309137,1.307605,-0.000642,-8.667525,91.38756,57.984327,0.10643,-0.049089,-2.30837,1.308815,1.30554,1.307177
356,2012-10-18 22:15,1.30741,1.30766,1.3071,1.30718,672,-0.000176,0.008333,1.306927,1.307015,1.307035,1.307328,1.307016,1.307368,1.306876,1.306847,1.308943,1.30846,1.308111,1.306142,1.309725,1.309177,1.309086,1.307481,-0.000582,-4.244499,75.757576,51.728078,0.005355,-0.044524,-2.290134,1.30869,1.305415,1.307052
357,2012-10-18 22:30,1.30718,1.30743,1.30708,1.30736,464,0.000138,0.007543,1.307033,1.307114,1.307159,1.307425,1.306952,1.307367,1.306908,1.306982,1.308868,1.308417,1.308049,1.306092,1.309682,1.309141,1.309039,1.307367,-0.000514,-6.510777,84.848485,56.013696,0.008415,-0.039342,-2.24326,1.308604,1.305329,1.306966
358,2012-10-18 22:45,1.30736,1.30759,1.30718,1.30739,608,2.3e-05,0.006743,1.30715,1.307193,1.30726,1.307439,1.306899,1.307369,1.30695,1.307122,1.30879,1.308377,1.307991,1.306072,1.309641,1.309107,1.308994,1.307263,-0.000453,2.614565,84.831461,56.752078,0.013005,-0.03465,-2.161109,1.308542,1.305267,1.306904
359,2012-10-18 23:00,1.30737,1.30762,1.30708,1.30759,490,0.000168,0.01102,1.307292,1.307306,1.307386,1.307532,1.306841,1.30739,1.307016,1.307271,1.30872,1.308346,1.307944,1.306084,1.309602,1.309077,1.308953,1.307172,-0.000384,8.97209,94.488189,61.697941,0.058922,-0.029359,-2.047483,1.308475,1.305201,1.306838
360,2012-10-18 23:15,1.30758,1.30765,1.30715,1.30729,770,-0.000222,0.006494,1.30737,1.307302,1.307386,1.30748,1.306874,1.307381,1.307059,1.307381,1.308647,1.308304,1.307888,1.306114,1.309561,1.309041,1.308907,1.307088,-0.000349,-0.76976,70.866142,51.503709,0.058935,-0.026709,-1.916152,1.308471,1.305196,1.306834
361,2012-10-18 23:30,1.30729,1.30744,1.3072,1.30722,489,-5.4e-05,0.004908,1.307338,1.307278,1.307343,1.307321,1.306934,1.307366,1.307092,1.307443,1.308583,1.308262,1.307832,1.306158,1.309524,1.309005,1.308861,1.307011,-0.000324,-11.290599,65.354331,49.310171,0.045154,-0.024756,-1.774438,1.308522,1.305247,1.306885
362,2012-10-18 23:45,1.30721,1.30724,1.30648,1.30684,898,-0.000283,0.008463,1.307282,1.307153,1.3072,1.307011,1.306952,1.307315,1.307083,1.307426,1.308517,1.308206,1.307764,1.306203,1.30948,1.308962,1.308808,1.306936,-0.00033,-75.548778,35.433071,38.92585,0.009183,-0.025263,-1.626861,1.308556,1.305281,1.306918
363,2012-10-19 00:00,1.30684,1.3071,1.30658,1.30695,1027,8.4e-05,0.005063,1.307213,1.307095,1.307106,1.306835,1.306988,1.307281,1.307083,1.307363,1.308453,1.308157,1.307702,1.306251,1.309438,1.308922,1.308758,1.306862,-0.000323,-71.449313,44.094488,42.939454,0.019898,-0.024701,-1.477003,1.30859,1.305315,1.306952
364,2012-10-19 00:15,1.30699,1.30709,1.30646,1.30662,623,-0.000283,0.010112,1.307085,1.306959,1.306936,1.306668,1.307018,1.307218,1.307047,1.307245,1.308374,1.308097,1.30763,1.306294,1.309396,1.308877,1.308702,1.306788,-0.00034,-110.099601,18.110236,34.98175,-0.009183,-0.025993,-1.335751,1.308625,1.305351,1.306988
365,2012-10-19 00:30,1.30661,1.30683,1.3063,1.3064,499,-0.000161,0.010621,1.306887,1.3068,1.30674,1.306459,1.306983,1.30714,1.306989,1.307073,1.30827,1.30803,1.307553,1.306326,1.30935,1.308828,1.308643,1.306709,-0.000367,-136.354829,7.352941,30.617078,-0.032139,-0.028052,-1.208581,1.308615,1.30534,1.306977
366,2012-10-19 00:45,1.3064,1.30694,1.3064,1.30662,995,0.000168,0.005427,1.306775,1.306748,1.306664,1.306416,1.306951,1.30709,1.306954,1.306908,1.308185,1.307975,1.307488,1.306354,1.309304,1.308784,1.308588,1.306631,-0.000366,-94.393238,23.529412,39.348756,-0.060425,-0.028003,-1.092728,1.308589,1.305314,1.306951
367,2012-10-19 01:00,1.30662,1.30707,1.30582,1.3069,1077,0.000214,0.011606,1.306722,1.306792,1.3067,1.306641,1.306936,1.307072,1.306949,1.306788,1.308116,1.307933,1.307438,1.306387,1.309259,1.308747,1.308541,1.306557,-0.000339,-94.310309,58.695652,48.809362,-0.02142,-0.025937,-0.99279,1.308562,1.305287,1.306924
368,2012-10-19 01:15,1.3069,1.30729,1.3066,1.30696,947,4.6e-05,0.007286,1.306742,1.30684,1.306768,1.306915,1.306942,1.307062,1.306951,1.306721,1.308058,1.307894,1.307393,1.306425,1.309221,1.308711,1.308495,1.306488,-0.000309,-19.625406,61.956522,50.710336,-0.030596,-0.023656,-0.918418,1.308561,1.305286,1.306924
369,2012-10-19 01:30,1.30696,1.30716,1.30653,1.30705,605,6.9e-05,0.010413,1.306758,1.3069,1.306856,1.307089,1.306969,1.30706,1.306962,1.306709,1.308013,1.307861,1.307353,1.306468,1.309187,1.308678,1.308452,1.306424,-0.000275,-25.294608,66.847826,53.686987,-0.026006,-0.021051,-0.862029,1.308577,1.305302,1.30694
370,2012-10-19 01:45,1.30706,1.30717,1.30685,1.30703,512,-2.3e-05,0.00625,1.306827,1.306937,1.306934,1.307122,1.306989,1.307058,1.306967,1.30673,1.307955,1.307829,1.307315,1.306514,1.309152,1.308646,1.30841,1.306367,-0.000247,-3.202409,66.120219,52.868328,-0.042827,-0.018891,-0.817651,1.308598,1.305323,1.30696
371,2012-10-19 02:00,1.30703,1.30752,1.30693,1.30737,583,0.00026,0.01012,1.306988,1.307061,1.307089,1.30725,1.307021,1.307087,1.307004,1.306809,1.307897,1.307811,1.307292,1.306571,1.30912,1.308621,1.308374,1.30632,-0.000195,47.647344,84.699454,63.720027,0.00612,-0.014909,-0.777283,1.308627,1.305352,1.306989
372,2012-10-19 02:15,1.30735,1.30767,1.30717,1.30766,385,0.000237,0.012987,1.307162,1.307232,1.307281,1.30753,1.30707,1.307142,1.307065,1.306956,1.307843,1.307805,1.307282,1.306645,1.309089,1.308601,1.308345,1.306286,-0.000129,85.214181,99.459459,70.422227,0.033659,-0.009849,-0.739466,1.308669,1.305394,1.307032
373,2012-10-19 02:30,1.30765,1.30765,1.30721,1.30729,647,-0.000275,0.006801,1.307227,1.307249,1.307318,1.307569,1.307097,1.307156,1.307085,1.307099,1.3078,1.307785,1.307261,1.306721,1.309057,1.308576,1.30831,1.306259,-0.000105,55.309909,79.459459,55.365208,0.034434,-0.008031,-0.701209,1.308705,1.30543,1.307068
374,2012-10-19 02:45,1.30728,1.30733,1.30695,1.30695,499,-0.000252,0.007615,1.307225,1.307163,1.307239,1.307262,1.307104,1.307136,1.307071,1.307189,1.307771,1.307752,1.307227,1.306785,1.309019,1.308543,1.308268,1.306236,-0.000112,-9.356506,61.081081,45.133401,0.0,-0.00859,-0.656153,1.308719,1.305444,1.307082
375,2012-10-19 03:00,1.30696,1.30696,1.30612,1.30613,728,-0.000635,0.011538,1.307072,1.306868,1.306926,1.306553,1.30704,1.30704,1.306979,1.307138,1.307715,1.307688,1.307163,1.306815,1.308974,1.308496,1.308211,1.306206,-0.000182,-127.576078,16.756757,29.80522,-0.037501,-0.013934,-0.611148,1.308677,1.305403,1.30704
376,2012-10-19 03:15,1.30615,1.30687,1.30615,1.30666,779,0.00039,0.009243,1.30701,1.306809,1.306808,1.306259,1.307014,1.307004,1.306942,1.307044,1.307666,1.307648,1.307122,1.30683,1.308931,1.308459,1.308165,1.306176,-0.000193,-85.071413,45.405405,43.991184,0.019902,-0.014728,-0.561865,1.30864,1.305365,1.307002
377,2012-10-19 03:30,1.30666,1.30709,1.30659,1.30695,411,0.000222,0.012165,1.30694,1.306849,1.306791,1.306513,1.306994,1.306999,1.306936,1.306967,1.30761,1.307621,1.307093,1.306841,1.308894,1.308429,1.308126,1.306149,-0.000175,-22.517203,61.081081,50.328837,0.025256,-0.013413,-0.506578,1.308619,1.305344,1.306982
378,2012-10-19 03:45,1.30695,1.30698,1.30664,1.30694,433,-8e-06,0.007852,1.30682,1.306875,1.306791,1.306882,1.306971,1.306993,1.306931,1.306916,1.307552,1.307594,1.307067,1.306848,1.308853,1.3084,1.308087,1.306124,-0.000161,-25.419224,60.540541,50.103263,0.003061,-0.01229,-0.446831,1.308592,1.305318,1.306955
379,2012-10-19 04:00,1.30695,1.30727,1.30684,1.30693,332,-1.5e-05,0.012952,1.30676,1.306891,1.306822,1.307035,1.306938,1.306987,1.306927,1.30689,1.307493,1.307568,1.307043,1.306852,1.308815,1.308371,1.308049,1.306102,-0.000148,6.62823,60.0,49.845486,-0.002295,-0.011332,-0.381592,1.308572,1.305297,1.306934
380,2012-10-19 04:15,1.30694,1.30735,1.30692,1.30726,361,0.000245,0.011911,1.306812,1.306996,1.306965,1.307169,1.306937,1.307013,1.306958,1.306905,1.307422,1.307556,1.307034,1.306865,1.308786,1.308349,1.308018,1.306085,-0.00011,39.046208,77.837838,58.061379,0.016067,-0.008437,-0.314275,1.308562,1.305287,1.306925
381,2012-10-19 04:30,1.30725,1.30746,1.30717,1.30727,463,1.5e-05,0.006263,1.307002,1.307074,1.307096,1.307292,1.306939,1.307038,1.30699,1.306944,1.30735,1.307545,1.307028,1.306888,1.308764,1.308327,1.307988,1.306075,-7.9e-05,59.946112,74.193548,58.300222,0.018362,-0.006012,-0.252458,1.308563,1.305288,1.306926
382,2012-10-19 04:45,1.30729,1.30734,1.30674,1.30682,526,-0.00036,0.011407,1.307028,1.307002,1.307044,1.307136,1.306938,1.307017,1.306978,1.306951,1.307266,1.307516,1.307007,1.306907,1.308743,1.308298,1.30795,1.306068,-8.9e-05,-12.587751,45.16129,44.994979,-0.042069,-0.006791,-0.197908,1.308569,1.305294,1.306931
383,2012-10-19 05:00,1.30686,1.30729,1.30683,1.30695,408,6.9e-05,0.011275,1.307028,1.306987,1.307022,1.306946,1.306938,1.307011,1.30698,1.306957,1.307198,1.307494,1.306995,1.306922,1.308723,1.308271,1.307914,1.306065,-8.5e-05,-0.017541,53.548387,48.883567,-0.054295,-0.006529,-0.147169,1.308576,1.305301,1.306938
384,2012-10-19 05:15,1.30696,1.30718,1.30678,1.30697,541,8e-06,0.007394,1.307033,1.306982,1.307005,1.30688,1.306956,1.307007,1.306983,1.306966,1.307133,1.307473,1.306986,1.306935,1.308699,1.308245,1.30788,1.306067,-8e-05,-9.501982,54.83871,49.517099,-0.024478,-0.006128,-0.098965,1.308589,1.305314,1.306951
385,2012-10-19 05:30,1.30698,1.30745,1.30678,1.30727,863,0.000222,0.007764,1.30709,1.307064,1.307073,1.307064,1.306999,1.307032,1.307013,1.307014,1.307076,1.307465,1.306991,1.306955,1.308675,1.308226,1.307851,1.306078,-5.1e-05,31.673907,74.193548,58.433515,0.024484,-0.003913,-0.053219,1.308621,1.305347,1.306984
386,2012-10-19 05:45,1.30727,1.30763,1.30719,1.30762,551,0.000268,0.007985,1.30715,1.307223,1.307224,1.307431,1.307049,1.307088,1.307072,1.30712,1.307032,1.307472,1.307012,1.306989,1.308653,1.308214,1.30783,1.306101,0.0,92.738369,98.039216,66.418005,0.114077,3e-06,-0.011242,1.308663,1.305388,1.307025
387,2012-10-19 06:00,1.30762,1.30762,1.30627,1.30674,1296,-0.000673,0.010417,1.307062,1.307085,1.307107,1.307279,1.307041,1.307055,1.307042,1.307154,1.306994,1.307443,1.307001,1.30701,1.308628,1.308185,1.307793,1.306124,-3e-05,-43.582271,41.059603,42.650255,0.006122,-0.0023,0.01912,1.308677,1.305402,1.307039
388,2012-10-19 06:15,1.30674,1.30684,1.30585,1.30617,1750,-0.000436,0.005657,1.306953,1.306824,1.306852,1.306613,1.307002,1.30697,1.306959,1.307069,1.306948,1.307393,1.306968,1.307003,1.308594,1.308145,1.307744,1.306142,-9.9e-05,-143.989024,17.977528,33.650448,-0.059681,-0.007557,0.032135,1.308644,1.305369,1.307006
389,2012-10-19 06:30,1.30616,1.30679,1.30456,1.3049,2169,-0.000965,0.010281,1.306612,1.306274,1.306266,1.305447,1.306894,1.306773,1.306759,1.306766,1.306871,1.307295,1.306888,1.306937,1.308538,1.30808,1.307671,1.306141,-0.000253,-196.75516,11.074919,21.815727,-0.15609,-0.019343,0.020915,1.308569,1.305294,1.306931
390,2012-10-19 06:45,1.30497,1.30603,1.30483,1.3054,2285,0.00033,0.005252,1.30635,1.306024,1.30592,1.304867,1.306812,1.306643,1.306617,1.306391,1.306847,1.307221,1.30683,1.306837,1.308485,1.308027,1.307609,1.306129,-0.000331,-145.472728,27.361564,32.586102,-0.117068,-0.025306,-0.006825,1.308489,1.305214,1.306852
391,2012-10-19 07:00,1.30541,1.30705,1.30541,1.30684,3477,0.001095,0.004717,1.306278,1.306257,1.30606,1.30561,1.306786,1.306661,1.30662,1.306176,1.306863,1.307206,1.30683,1.306751,1.308443,1.308004,1.307576,1.306123,-0.000273,-27.455301,74.267101,53.755613,-0.032128,-0.020897,-0.036287,1.308447,1.305172,1.30681
392,2012-10-19 07:15,1.30684,1.30744,1.3066,1.30712,2695,0.000214,0.003117,1.306195,1.306504,1.3063,1.306791,1.306759,1.306705,1.306651,1.306138,1.306875,1.307203,1.30684,1.306687,1.3084,1.307986,1.30755,1.306125,-0.000202,40.48288,83.387622,56.799271,-0.011474,-0.015496,-0.068431,1.308425,1.30515,1.306787
393,2012-10-19 07:30,1.30715,1.3073,1.30643,1.30658,2486,-0.000436,0.0035,1.306168,1.306526,1.30641,1.307191,1.306724,1.306693,1.306634,1.306173,1.306883,1.307178,1.306829,1.30663,1.308352,1.307958,1.307514,1.306128,-0.000188,6.588561,65.798046,49.543156,-0.018365,-0.014384,-0.105539,1.308394,1.305119,1.306756
394,2012-10-19 07:45,1.30658,1.30703,1.30611,1.30697,2046,0.000298,0.004497,1.306302,1.306653,1.306639,1.307126,1.306724,1.306719,1.306658,1.306268,1.306902,1.30717,1.306832,1.306596,1.308316,1.307939,1.307486,1.306136,-0.000143,-1.398599,78.501629,54.397886,0.00153,-0.010968,-0.147618,1.308375,1.3051,1.306738
395,2012-10-19 08:00,1.30697,1.30697,1.30625,1.30629,2017,-0.00052,0.00357,1.306533,1.306549,1.306636,1.306693,1.306732,1.306679,1.306616,1.306301,1.306885,1.307135,1.306808,1.306564,1.308275,1.307906,1.307446,1.306141,-0.000161,-23.636106,56.351792,45.575796,-0.052029,-0.012318,-0.20062,1.30838,1.305105,1.306743
396,2012-10-19 08:15,1.3063,1.3063,1.30505,1.30544,2333,-0.000658,0.005358,1.30654,1.306232,1.306323,1.30592,1.306672,1.306561,1.306493,1.306211,1.306849,1.307069,1.306751,1.30651,1.30824,1.307857,1.30739,1.306135,-0.000241,-111.005001,28.664495,36.9361,-0.139986,-0.018426,-0.26259,1.308332,1.305057,1.306695
397,2012-10-19 08:30,1.30544,1.30555,1.3048,1.30508,2557,-0.000276,0.002933,1.306247,1.305903,1.305906,1.305143,1.306578,1.30642,1.306342,1.306028,1.306806,1.306991,1.306682,1.306422,1.308199,1.307802,1.307328,1.306116,-0.000329,-126.888297,16.938111,33.804474,-0.194246,-0.0252,-0.327079,1.308245,1.304971,1.306608
398,2012-10-19 08:45,1.30505,1.30578,1.3049,1.30516,1879,8.4e-05,0.004683,1.30592,1.305691,1.305596,1.304809,1.306489,1.3063,1.306207,1.305812,1.306773,1.306919,1.306618,1.306308,1.30816,1.30775,1.307267,1.306089,-0.000388,-94.819423,19.543974,35.212928,-0.120912,-0.029733,-0.384818,1.308167,1.304892,1.306529
399,2012-10-19 09:00,1.30512,1.30585,1.30501,1.30569,1946,0.000437,0.004317,1.305772,1.30569,1.30553,1.305117,1.306427,1.306242,1.306131,1.305661,1.306757,1.306871,1.306575,1.30619,1.308124,1.307709,1.307218,1.306058,-0.000388,-64.601297,36.807818,44.276261,-0.036749,-0.029709,-0.430071,1.308092,1.304817,1.306454
400,2012-10-19 09:15,1.30569,1.30597,1.30559,1.30576,1409,5.4e-05,0.002697,1.30557,1.30571,1.305527,1.305596,1.306352,1.306196,1.306067,1.305568,1.306739,1.306827,1.306536,1.306079,1.308089,1.307671,1.307172,1.306025,-0.000378,-38.593095,39.215686,45.439445,0.065905,-0.028925,-0.475965,1.308022,1.304747,1.306384
401,2012-10-19 09:30,1.30575,1.30579,1.30532,1.30537,1967,-0.000291,0.002389,1.305417,1.305613,1.30547,1.305674,1.306257,1.306117,1.305974,1.305461,1.306712,1.30677,1.306482,1.305963,1.308038,1.307625,1.307118,1.305986,-0.000397,-57.567177,28.125,40.063317,-0.002298,-0.030363,-0.533969,1.307931,1.304657,1.306294
402,2012-10-19 09:45,1.30542,1.30542,1.304,1.30429,2859,-0.000866,0.004967,1.305225,1.305235,1.305148,1.304974,1.30613,1.305943,1.305786,1.305232,1.306664,1.306673,1.306387,1.305819,1.307979,1.307559,1.307044,1.305929,-0.000493,-114.482939,8.430233,29.072573,-0.195127,-0.037742,-0.605662,1.307812,1.304537,1.306174
403,2012-10-19 10:00,1.30431,1.3051,1.30375,1.30507,2970,0.000583,0.004545,1.305223,1.305188,1.305103,1.304625,1.306036,1.30586,1.305685,1.305024,1.306631,1.30661,1.306325,1.305678,1.307922,1.30751,1.306986,1.305868,-0.000501,-93.792562,35.772358,42.270278,-0.156833,-0.038329,-0.682641,1.307692,1.304418,1.306055
404,2012-10-19 10:15,1.30504,1.3055,1.30473,1.30515,2594,8.4e-05,0.002968,1.305222,1.305177,1.305082,1.304791,1.305946,1.305792,1.305601,1.304871,1.306597,1.306553,1.306267,1.305545,1.307852,1.307463,1.306931,1.305804,-0.000494,-51.496742,37.940379,43.514126,-0.109446,-0.037863,-0.756904,1.3076,1.304325,1.305962
405,2012-10-19 10:30,1.30511,1.30529,1.30481,1.30509,1560,-1.5e-05,0.003077,1.305122,1.305152,1.305045,1.305072,1.305836,1.305725,1.305519,1.30479,1.306551,1.306495,1.306208,1.305418,1.307785,1.307416,1.306876,1.305739,-0.000489,-52.606436,36.314363,42.717629,-0.143844,-0.037434,-0.822319,1.307495,1.30422,1.305857
406,2012-10-19 10:45,1.30509,1.30542,1.30478,1.3051,2190,8e-06,0.002922,1.305012,1.305137,1.305039,1.30517,1.30571,1.305666,1.305449,1.304779,1.306509,1.306441,1.306151,1.305298,1.307726,1.30737,1.306823,1.305674,-0.000478,-49.485933,38.028169,42.918559,-0.091098,-0.03661,-0.880597,1.307376,1.304101,1.305738
407,2012-10-19 11:00,1.3051,1.30517,1.30365,1.30381,3608,-0.000988,0.004213,1.304752,1.304758,1.304695,1.304531,1.305564,1.305489,1.305268,1.304656,1.306438,1.306338,1.306045,1.305152,1.307653,1.3073,1.306746,1.305597,-0.000567,-111.624492,4.733728,28.19675,-0.124862,-0.043432,-0.941655,1.307242,1.303968,1.305605
408,2012-10-19 11:15,1.30379,1.3049,1.30366,1.30461,1833,0.000629,0.006765,1.304805,1.304716,1.304655,1.304201,1.305486,1.305405,1.305177,1.304539,1.306383,1.30627,1.305973,1.30501,1.307586,1.307246,1.306685,1.305517,-0.000567,-84.282069,28.915663,42.347577,-0.036013,-0.043393,-1.007233,1.307148,1.303873,1.30551
409,2012-10-19 11:30,1.30463,1.30521,1.30422,1.30436,2622,-0.000207,0.003776,1.304687,1.304614,1.304528,1.304182,1.305459,1.305306,1.30507,1.304409,1.306318,1.306195,1.305894,1.304871,1.307519,1.307189,1.306622,1.305433,-0.00058,-59.127601,26.792453,39.537943,-0.061295,-0.044396,-1.078337,1.307107,1.303832,1.305469
